# trad	simp_peer
𦾟	𦶻
藍	蓝
剗	刬
盞	盏
葉	叶
戔	戋
𪀦	𪉅
蘟	𦻕
蓀	荪
薩	萨
蔭	荫
蕷	蓣
蔘	参
萇	苌
菴	庵
蕆	蒇
項	项
藶	苈
棊	棋
莢	荚
蔿	𫇭
韉	鞯
蓋	盖
蕓	芸
韃	鞑
蕘	荛
韁	缰
鞝	绱
薹	苔
薳	䓕
貳	贰
薵	䓓
𪃏	𪉏
韆	千
鞽	鞒
鞦	秋
薘	荙
藝	艺
薔	蔷
爇	𦶟
華	华
荊	荆
鷨	𪉊
蓴	莼
虉	𬟁
薑	姜
黃	黄
䓣	𬜯
莖	茎
蘆	芦
蘋	苹
賾	赜
頤	颐
腎	肾
堅	坚
緊	紧
臨	临
監	监
鹽	盐
賢	贤
覽	览
鑒	鉴
竪	竖
豎	竖
臥	卧
莧	苋
𪘯	𪚐
鴉	鸦
蕩	荡
薀	蕰
蒞	莅
匯	汇
蓽	荜
驀	蓦
蒔	莳
躉	趸
蠆	虿
勱	劢
邁	迈
萬	万
鶠	𬸘
鵲	鹊
艱	艰
歎	叹
難	难
覲	觐
藪	薮
蔞	蒌
匱	匮
蕢	蒉
毆	殴
剾	𠛅
區	区
勸	劝
顴	颧
甌	瓯
鷗	鸥
鸛	鹳
觀	观
蘄	蕲
歐	欧
歡	欢
虆	蔂
蕒	荬
夢	梦
蓮	莲
匭	匦
蒕	蒀
鶓	鹋
蘿	萝
繭	茧
顢	颟
萴	荝
萵	莴
貢	贡
鞏	巩
莊	庄
蔣	蒋
葦	苇
勩	勚
貰	贳
鸏	鹲
葷	荤
薴	苧
苧	苎
藭	䓖
蠶	蚕
蔔	卜
驚	惊
蘚	藓
薊	蓟
蘇	苏
帶	带
蕕	莸
蘀	萚
蕪	芜
蒐	搜
萊	莱
醫	医
蕎	荞
鷖	鹥
蔥	葱
蓯	苁
蘢	茏
蘭	兰
蔄	𬜬
藺	蔺
蕁	荨
蕭	萧
藎	荩
薈	荟
蘞	蔹
薟	莶
蓧	𦰏
蔦	茑
鳶	鸢
鵐	鹀
覡	觋
蒼	苍
舊	旧
葒	荭
葤	荮
蒓	莼
䕳	𦰴
藴	蕴
蘊	蕴
葯	药
藥	药
薌	芗
茲	兹
蓆	席
蘺	蓠
薺	荠
藹	蔼
薦	荐
蒍	𫇭
菸	烟
䧢	𨸟
聶	聂
顳	颞
墮	堕
隨	随
陝	陕
隱	隐
隯	陦
陸	陆
聽	听
陳	陈
陘	陉
騭	骘
巹	卺
陽	阳
聖	圣
聵	聩
隤	𬯎
隕	陨
陣	阵
隑	𬮿
糶	粜
恥	耻
聹	聍
陞	升
聰	聪
櫱	蘖
孫	孙
愻	𢙏
遜	逊
職	职
隴	陇
墜	坠
隊	队
隉	陧
孻	𡥧
際	际
險	险
陰	阴
聯	联
階	阶
𨽏	𨸘
隮	𬯀
𩤊	𩧩
騏	骐
驊	骅
驅	驱
䯀	䯅
驟	骤
預	预
馳	驰
騖	骛
務	务
䂎	𥎝
鶩	鹜
鷸	鹬
叄	叁
參	参
驂	骖
顙	颡
毿	毵
驫	骉
駘	骀
駿	骏
馭	驭
騷	骚
𩣺	𩧼
騞	𬴃
騑	𬴂
騵	𫘪
騎	骑
䮞	𩨁
馱	驮
駔	驵
騱	𫘬
態	态
驍	骁
𩥄	𩨋
𩢴	𩧵
驦	骦
馬	马
駓	𬳵
𩤲	𩨉
䮠	𩧿
驪	骊
驢	驴
馹	驲
騠	𫘨
𩥑	𩨌
騔	𩨀
騍	骒
馴	驯
駛	驶
駰	骃
𩤸	𩨅
驛	驿
駟	驷
䮫	𩨇
騾	骡
駚	𩧫
𩢡	𩧬
駎	𩧨
駧	𩧲
騁	骋
𩥉	𩧱
駉	𬳶
騧	䯄
貟	贠
𩥇	𩨍
驏	骣
駶	𩧺
駃	𫘝
驎	𬴊
騌	骔
䮝	𩧰
𩣵	𩧻
𩣑	䯃
駝	驼
騶	驺
駒	驹
駁	驳
騊	𫘦
騮	骝
䭿	𩧭
驃	骠
驕	骄
𩢸	𩧳
駪	𬳽
𩣫	𩧸
駱	骆
驄	骢
䮳	𩨏
駢	骈
䮾	𩧪
騚	𩨊
騂	骍
驥	骥
驌	骕
騝	𩨃
騪	𩨄
騄	𫘧
𩧆	𩨐
駸	骎
駙	驸
騤	骙
駩	𩧴
騟	𩨈
驗	验
𩡺	𩧦
駼	𬳿
驋	𩧯
騅	骓
駐	驻
驤	骧
騙	骗
騸	骟
駭	骇
𩤙	𩨆
䮄	𫠊
馼	𫘜
𥗽	𬒗
勵	励
厲	厉
奩	奁
𥕥	𥐰
碽	䂵
磣	碜
碼	码
礪	砺
飆	飙
碩	硕
碕	埼
硤	硖
鬖	𩭹
髮	发
鬍	胡
鬚	须
𩯳	𩯒
𩭙	𩬣
鬢	鬓
憂	忧
鬆	松
長	长
𩰀	𩬤
鶘	鹕
脣	唇
𥖅	𥐯
磽	硗
䃮	鿎
磚	砖
磧	碛
硜	硁
艷	艳
豔	艳
豐	丰
慼	戚
磠	硵
硯	砚
齧	啮
耬	耧
䎱	䎬
耮	耢
輩	辈
魘	魇
厭	厌
靨	靥
饜	餍
壓	压
厴	厣
黶	黡
碭	砀
鵪	鹌
磾	䃅
硨	砗
厙	厍
磑	硙
厠	厕
鴯	鸸
靦	腼
碸	砜
頁	页
碙	𥐻
尷	尴
確	确
剋	克
願	愿
硃	朱
礎	础
礄	硚
歷	历
厤	历
曆	历
龎	厐
礒	𥐟
鷯	鹩
遼	辽
礆	硷
鴣	鸪
郟	郏
夾	夹
㓨	刾
贋	赝
贗	赝
頰	颊
奪	夺
奮	奋
礫	砾
礙	碍
磯	矶
礦	矿
臟	脏
膩	腻
𦣎	𦟗
亂	乱
辭	辞
脹	胀
嬃	媭
須	须
脥	𣍰
貙	䝙
貓	猫
𧳟	𧳕
墾	垦
懇	恳
鵬	鹏
豶	豮
豬	猪
櫫	橥
膞	䏝
腖	胨
脛	胫
𦢈	𣍨
臚	胪
覓	觅
腸	肠
膢	𦝼
膕	腘
膃	腽
膿	脓
腡	脶
膠	胶
朥	𦛨
臗	𣎑
臏	膑
腪	𣍯
愛	爱
膽	胆
脈	脉
颻	飖
鷂	鹞
臢	臜
腫	肿
爲	为
騰	腾
勝	胜
𩓣	𩖕
鰧	䲢
謄	誊
朧	胧
爭	争
臘	腊
腦	脑
膾	脍
臉	脸
脫	脱
腳	脚
鷄	鸡
雞	鸡
臍	脐
塸	𫭟
載	载
賁	贲
霧	雾
頍	𫠆
䲰	𪉂
顬	颥
頇	顸
壢	坜
靂	雳
霢	霡
埰	采
壩	坝
墳	坟
靆	叇
靉	叆
雲	云
幫	帮
翹	翘
堯	尧
墶	垯
墻	墙
埡	垭
壚	垆
趙	赵
趕	赶
趨	趋
趲	趱
顛	颠
霑	沾
壋	垱
釐	厘
犛	牦
氂	牦
𪁖	𪉌
壜	坛
塒	埘
覯	觏
場	场
電	电
韓	韩
乾	干
幹	干
榦	干
頡	颉
遠	远
塿	𪣻
喪	丧
墠	𫮃
靈	灵
塤	埙
臺	台
𪔵	𪔭
鼕	冬
協	协
覿	觌
賣	卖
塏	垲
堝	埚
垻	坝
壽	寿
燾	焘
聲	声
赬	赪
𡑍	𫭼
鵓	鹁
塚	冢
壺	壶
殼	壳
穀	谷
轂	毂
壼	壸
愨	悫
殻	壳
慤	悫
𡓾	𡋀
頑	顽
黿	鼋
朮	术
塊	块
鸘	鹴
墰	坛
壎	埙
達	达
壠	垅
報	报
墊	垫
縶	絷
蟄	蛰
贄	贽
鷙	鸷
摯	挚
執	执
壗	𡋤
堖	垴
勢	势
輦	辇
熱	热
埨	𫭢
𡑭	𡋗
鬹	鬶
規	规
槼	椝
塢	坞
嗇	啬
賫	赍
𡔖	𡍣
壪	塆
壙	圹
霽	霁
靄	霭
壞	坏
壇	坛
壈	𡒄
鵡	鹉
璊	𫞩
頓	顿
戩	戬
晉	晋
丟	丢
瑪	玛
頊	顼
靜	静
鵏	𬷕
靚	靓
璦	瑷
靝	靔
鶄	䴖
亞	亚
堊	垩
惡	恶
𤫩	㻏
瓛	𤩽
亙	亘
璿	璇
現	现
琺	珐
盃	杯
瑣	琐
璫	珰
𠁞	𠀾
瑒	玚
專	专
東	东
鶇	鸫
甦	苏
羋	芈
賴	赖
𩰹	𩰰
鷊	鹝
頭	头
環	环
璉	琏
琱	雕
鳾	䴓
兩	两
棗	枣
勣	𪟝
瓔	璎
責	责
酈	郦
彲	彨
鸝	鹂
邐	逦
麗	丽
瑋	玮
璸	瑸
琿	珲
𤪺	㻘
殘	残
殢	𣨼
殰	㱩
殭	僵
𩢾	𩧮
鴷	䴕
殫	殚
殞	殒
殨	㱮
瓊	琼
殯	殡
歿	殁
瑤	瑶
驁	骜
贅	赘
鰲	鳌
鷔	𪉑
殤	殇
飱	飧
殲	歼
殮	殓
瓚	瓒
瓏	珑
璕	𬍤
剄	刭
勁	劲
頸	颈
逕	迳
巰	巯
璵	玙
璯	㻅
𨤻	𨤰
𢣭	𢘞
邇	迩
爾	尔
璽	玺
瑲	玱
璡	琎
瓅	𬍛
璣	玑
𪄕	𪉒
劇	剧
戲	戏
獻	献
瞘	眍
膚	肤
盧	卢
虜	虏
顱	颅
慮	虑
鸕	鸬
瞞	瞒
戱	戯
虛	虚
覷	觑
矇	蒙
䱷	䲣
處	处
虧	亏
齮	𬺈
齟	龃
齬	龉
齜	龇
齪	龊
齶	腭
齷	龌
齣	出
齙	龅
齗	龂
齼	𬺓
齕	龁
齲	龋
𪘀	𪚏
齦	龈
齠	龆
齯	𫠜
齡	龄
齘	𬹼
齔	龀
頗	颇
皰	疱
劌	刿
翽	翙
歲	岁
鶪	䴗
䀹	𥅴
睜	睁
𥊝	𥅿
鬮	阄
鬥	斗
鬧	闹
鬩	阋
鬨	哄
𥌃	𥅘
睍	𪾢
顰	颦
頻	频
縣	县
懸	悬
瞜	䁖
瞶	瞆
覘	觇
鹺	鹾
鹵	卤
鹼	碱
鹹	咸
䁪	𥇢
睏	困
貞	贞
矚	瞩
見	见
覎	觃
睞	睐
矓	眬
瞤	𥆧
瞼	睑
齒	齿
眥	眦
貲	赀
鮆	𫚖
䁻	䀥
鴜	𪉈
淺	浅
頮	颒
濫	滥
澫	𬇕
漚	沤
漢	汉
灘	滩
懣	懑
滿	满
濛	蒙
滯	滞
潛	潜
灡	㳕
瀟	潇
鴻	鸿
滙	汇
灄	滠
氾	泛
澦	滪
滲	渗
湧	涌
減	减
滅	灭
灧	滟
潔	洁
灩	滟
灃	沣
瀝	沥
湊	凑
浹	浃
瀦	潴
潙	沩
淨	净
鸂	㶉
濆	𣸣
澐	沄
澆	浇
溝	沟
瀆	渎
濤	涛
澾	㳠
淩	凌
汙	污
瀨	濑
灑	洒
漬	渍
涇	泾
淒	凄
溼	湿
瀘	泸
濾	滤
瀕	濒
滷	卤
湞	浈
灙	𣺼
鯊	鲨
淵	渊
盪	荡
燙	烫
湯	汤
璗	𬍡
濕	湿
洩	泄
灝	灏
漊	溇
沖	冲
潰	溃
溳	涢
況	况
漍	𬇹
𤁣	𣺽
澤	泽
潿	涠
漣	涟
濁	浊
漸	渐
溫	温
濺	溅
濃	浓
澠	渑
測	测
瀃	𣽷
渦	涡
濄	㳡
渢	沨
浿	𬇙
汎	泛
澱	淀
湋	𣲗
決	决
濧	㳔
瀠	潆
澇	涝
濚	溁
瀅	滢
濱	滨
劏	㓥
嘗	尝
當	当
賞	赏
黨	党
渾	浑
濘	泞
瀋	沈
瀉	泻
沒	没
頫	𫖯
渙	涣
瀂	澛
漁	渔
輝	辉
洶	汹
盜	盗
瀏	浏
潕	𣲘
泝	溯
淶	涞
𣾷	㳢
潷	滗
瀧	泷
𡮣	𡭬
潤	润
瀾	澜
澗	涧
滾	滚
滻	浐
潯	浔
澅	𣶩
潚	㴋
濜	浕
澀	涩
鶺	鹡
淪	沦
澮	浍
瀲	潋
滌	涤
涗	涚
溮	浉
塗	涂
漵	溆
潑	泼
準	准
滄	沧
漲	涨
淥	渌
瀰	弥
濼	泺
濰	潍
灤	滦
𤅶	𣷷
灣	湾
瀇	㲿
灕	漓
涼	凉
濟	济
滬	沪
淚	泪
滸	浒
溈	沩
𣿉	𣶫
畢	毕
曄	晔
蟎	螨
螮	䗖
蠨	蟏
蟶	蛏
螞	蚂
蠣	蛎
𧎈	𧌥
蛺	蛱
曖	暧
曇	昙
曉	晓
蟯	蛲
時	时
韙	韪
題	题
蝀	𬟽
鼂	鼌
曬	晒
曥	𣆐
暢	畅
晛	𬀪
蜆	蚬
暘	旸
蠱	蛊
蟲	虫
蠍	蝎
螻	蝼
𧔥	𧒭
蟬	蝉
蟈	蝈
蝟	猬
𣋋	𣈣
蠅	蝇
顒	颙
𪃍	𪉐
蝸	蜗
𣈶	暅
蝦	虾
暐	𬀩
虯	虬
蠾	𧑏
蠑	蝾
蠙	𧏖
暉	晖
暈	晕
䗿	𧉞
鶡	鹖
顆	颗
夥	伙
昇	升
曨	昽
蟻	蚁
蠀	𧏗
蠟	蜡
蛻	蜕
螄	蛳
𧕟	𧉐
曏	向
顯	显
鵾	鹍
蟣	虮
曠	旷
顥	颢
蠐	蛴
蠔	蚝
囈	呓
嘩	哗
嘔	呕
嘆	叹
嗊	唝
囌	苏
嚥	咽
囁	嗫
嗎	吗
喫	吃
順	顺
嚦	呖
噯	嗳
噅	𠯠
鵑	鹃
噴	喷
嘵	哓
𡄔	𠴢
嚇	吓
噠	哒
噸	吨
啞	哑
噁	恶
數	数
婁	娄
啢	唡
嘖	啧
號	号
鴞	鸮
踐	践
噓	嘘
嚧	𠰷
蹣	蹒
躪	躏
躡	蹑
嚙	啮
踴	踊
𨇞	𨅫
噦	哕
𨄣	𨀱
躊	踌
躂	跶
蹺	跷
貴	贵
蹟	迹
遺	遗
躎	䟢
蹕	跸
䠱	𨅛
躍	跃
躥	蹿
哯	𠯟
躓	踬
躚	跹
蹤	踪
躦	躜
鷺	鹭
躑	踯
躘	𨀁
躝	𨅬
𨅍	𨁴
踰	逾
蹌	跄
𨈌	𨄄
躒	跞
𨈊	𨂺
躋	跻
躕	蹰
跡	迹
蹠	跖
𨇁	𧿈
嗩	唢
嚐	尝
噹	当
嗶	哔
雖	虽
駡	骂
囂	嚣
嚴	严
顎	颚
鶚	鹗
嘍	喽
戰	战
鄲	郸
囅	冁
單	单
嘽	啴
獸	兽
鼉	鼍
嘓	啯
囀	啭
囉	啰
噥	哝
鄖	郧
勛	勋
嚶	嘤
喎	㖞
吶	呐
員	员
唄	呗
吳	吴
囑	嘱
嘮	唠
嚀	咛
𡃕	𠴛
𡅏	𠲥
別	别
喚	唤
嚕	噜
嘸	呒
嘜	唛
吒	咤
呂	吕
㘉	𠰱
嚨	咙
㘚	㘎
噚	㖊
㗲	𠵾
嘯	啸
噲	哙
嗰	𠮶
嗚	呜
鳴	鸣
嗆	呛
唸	念
𡄣	𠵸
喲	哟
噝	咝
嘰	叽
嚌	哜
囃	𠱞
軾	轼
𨎮	𨐉
羈	羁
國	国
異	异
繫	系
擊	击
輒	辄
輮	𫐓
輟	辍
羆	罴
罷	罢
罵	骂
軛	轭
軲	轱
輳	辏
軑	轪
𨊸	䢁
軒	轩
園	园
轅	辕
疇	畴
黲	黪
䵳	𪑅
點	点
黷	黩
𨊻	𨐆
輊	轾
輔	辅
車	车
團	团
轉	转
輻	辐
䴉	鹮
還	还
輛	辆
軏	𫐄
輕	轻
轤	轳
輄	𨐈
輼	辒
輥	辊
輯	辑
駕	驾
圖	图
圓	圆
賀	贺
迴	回
軹	轵
脅	胁
壘	垒
疊	叠
纍	累
轟	轰
轀	辒
軗	𨐅
軸	轴
買	买
輞	辋
輾	辗
圍	围
軋	轧
轔	辚
轄	辖
𨏥	𨐊
連	连
軝	𬨂
輓	挽
軟	软
塹	堑
斬	斩
暫	暂
鏨	錾
槧	椠
軼	轶
軻	轲
轎	轿
輈	辀
輅	辂
𨊰	䢀
軤	轷
𨏠	𨐇
䡵	𫟦
𨋢	䢂
較	较
輶	𬨎
軺	轺
輜	辎
軌	轨
輗	𫐐
軔	轫
軫	轸
圇	囵
輪	轮
輇	辁
輸	输
鴨	鸭
眾	众
轢	轹
邏	逻
羅	罗
䍦	䍠
轍	辙
輬	辌
罰	罚
轆	辘
賤	贱
農	农
賊	贼
贜	赃
㠏	㟆
刪	删
冊	册
嶇	岖
嵽	𫶇
覥	觍
嵾	㟥
貽	贻
賄	贿
賬	账
賑	赈
𡻕	岁
嵗	岁
鳳	凤
輋	𪨶
顓	颛
頔	𬱖
贓	赃
㠣	𫵷
賰	䞐
鴦	鸯
峽	峡
髒	脏
冑	胄
髏	髅
體	体
髕	髌
髖	髋
䞈	𧹑
崢	峥
䯤	𩩈
鶻	鹘
骯	肮
嶢	峣
巔	巅
賕	赇
購	购
彫	雕
𧵳	䞌
鵰	雕
週	周
贖	赎
賭	赌
財	财
賦	赋
賻	赙
䝼	䞍
鄳	𫑡
黽	黾
崬	岽
獃	呆
剴	剀
凱	凯
顗	𫖮
覬	觊
豈	岂
巘	𪩘
幓	㡎
帳	帐
幬	帱
幘	帻
幀	帧
貼	贴
幗	帼
幃	帏
貝	贝
峴	岘
幟	帜
則	则
賵	赗
𧶧	䞎
賜	赐
崑	昆
𧶔	𧹓
嶁	嵝
贃	𧹗
巖	岩
貺	贶
𤳸	𤳄
嶧	峄
嶄	崭
賟	𧹖
賙	赒
贔	赑
罌	罂
嵐	岚
崗	岗
嬰	婴
鸚	鹦
䝻	𧹕
嶈	𡺃
剮	剐
咼	呙
過	过
嶗	崂
嶸	嵘
賧	赕
貯	贮
贍	赡
嶔	嵚
嶽	岳
販	贩
嶘	𡺄
崍	崃
峯	峰
嶠	峤
颰	𩙥
颼	飕
颳	刮
䬞	𩙧
風	风
𩘝	𩙭
颾	𩙫
𩘀	𩙩
𩘹	𩙨
䬘	𩙮
颭	飐
颱	台
飀	飗
𩘺	𩙬
颮	飑
颸	飔
颷	𩙪
飈	飚
颺	飏
𩗀	𩙦
𩙈	𩙰
䬝	𩙯
颶	飓
賂	赂
貶	贬
敗	败
內	内
賠	赔
贈	赠
剛	刚
岡	冈
嵼	𡶴
賺	赚
嶼	屿
贐	赆
賒	赊
崙	仑
嶮	崄
𡽗	𡸃
巋	岿
嶺	岭
𡾱	㟜
賅	赅
愜	惬
慳	悭
慪	怄
懞	蒙
懾	慑
慘	惨
悵	怅
懨	恹
憤	愤
屆	届
憢	𢙒
蝨	虱
懤	㤽
懎	𢠁
恆	恒
懶	懒
屍	尸
悽	凄
𢣚	𢘝
奬	奖
狀	状
獎	奖
裝	装
壯	壮
將	将
醬	酱
漿	浆
螿	螀
牆	墙
槳	桨
牀	床
妝	妆
懼	惧
䪗	𩐀
韍	韨
𩎢	𩏾
韝	鞲
𩏪	𩏽
䪘	𩏿
韋	韦
韞	韫
違	违
韜	韬
䪏	𩏼
韌	韧
鶥	鹛
劚	㔉
屬	属
斸	𣃁
遲	迟
屢	屡
慺	㥪
憒	愦
憚	惮
悞	悮
鸊	䴙
懌	怿
𢠼	𢙑
慚	惭
慍	愠
憹	𢙐
愷	恺
屓	屃
惻	恻
選	选
憐	怜
惲	恽
翬	翚
㥮	㤘
習	习
翫	玩
憮	怃
愾	忾
慄	栗
屜	屉
𦘧	𡳒
𡳳	𡳃
慟	恸
屨	屦
𢤱	𢘙
憶	忆
層	层
飛	飞
憫	悯
㦎	𢛯
惱	恼
鷚	鹨
懀	𢙓
悅	悦
鳲	鸤
懺	忏
愴	怆
慣	惯
懷	怀
懍	懔
燁	烨
熰	𬉼
𤑳	𤎻
糝	糁
爄	𤇃
糲	粝
類	类
煩	烦
燒	烧
䊭	𥺅
㸇	𤎺
煉	炼
鄴	邺
叢	丛
對	对
懟	怼
鑿	凿
業	业
烴	烃
爐	炉
燦	灿
𥼽	𥹥
熚	𤇹
糧	粮
煬	炀
熡	𤋏
燀	𬊤
熉	𤈶
糞	粪
糰	团
燭	烛
熅	煴
燶	㶶
煱	㶽
煒	炜
顃	𩖖
塋	茔
煢	茕
醟	蒏
犖	荦
滎	荥
縈	萦
螢	萤
營	营
勞	劳
罃	䓨
熒	荧
鶯	莺
鎣	蓥
榮	荣
瑩	莹
鄰	邻
糉	粽
煥	焕
煙	烟
𤓎	𤎺
燻	熏
熾	炽
爖	𤇭
爛	烂
燜	焖
熌	𤇄
燬	毁
燖	𬊈
燼	烬
𤒎	𤊀
㷍	𤆢
燴	烩
燈	灯
㷿	𤈷
熓	𤆡
熗	炝
纇	颣
爍	烁
𥽖	𥺇
𤓩	𤊰
燉	炖
寬	宽
冪	幂
寀	采
騫	骞
賽	赛
鶱	𬸣
賓	宾
憲	宪
寶	宝
宮	宫
鄆	郓
皸	皲
軍	军
運	运
甯	宁
寢	寝
寧	宁
鵷	鹓
鴆	鸩
額	额
審	审
𧜵	䙊
襤	褴
襪	袜
𧜗	䘞
寵	宠
襀	𫌀
襰	𧝝
補	补
襠	裆
裡	里
𧟀	𧝧
䙡	䙌
褸	褛
褳	裢
襬	摆
褘	袆
䙱	𧜭
褌	裈
襖	袄
複	复
襉	裥
襴	襕
襇	裥
襯	衬
襏	袯
襝	裣
𧝞	䘛
褲	裤
寫	写
𥨐	𥧂
竇	窦
窺	窥
竈	灶
窪	洼
窶	窭
窩	窝
竅	窍
竊	窃
窮	穷
窯	窑
竄	窜
窵	窎
鶴	鹤
實	实
禡	祃
禱	祷
禰	祢
禎	祯
視	视
禪	禅
禍	祸
禮	礼
禕	祎
祕	秘
祿	禄
錢	钱
鍩	锘
錤	𫓹
鉗	钳
鐯	䦃
鏵	铧
鋣	铘
𩣏	𩧶
鏗	铿
鑑	鉴
𪀾	𪉋
釾	䥺
鏌	镆
錯	错
𪂆	𪉎
鉕	钷
錨	锚
鍈	锳
鐄	𨱑
鉅	巨
鉞	钺
鋱	铽
鑊	镬
鎝	𨱏
鉷	𫟹
釴	𬬩
鋩	铓
鴟	鸱
鑷	镊
鉺	铒
釕	钌
錳	锰
鈯	𨱄
兇	凶
錒	锕
鄒	邹
皺	皱
芻	刍
雛	雏
鴛	鸳
鐍	𫔎
鈀	钯
鎷	𨰾
釵	钗
𨯅	䥿
頠	𬱟
敎	教
鈸	钹
銪	铕
鋹	𬬮
錛	锛
錼	镎
鈷	钴
鍼	针
鍥	锲
鏏	𬭬
鈽	钸
鋮	铖
錡	锜
𨧜	䦁
鐐	镣
鐝	镢
鋏	铗
鈦	钛
鍰	锾
鋝	锊
鈅	钥
鋤	锄
觶	觯
觸	触
釤	钐
鈒	钑
鐵	铁
勻	匀
銈	𫓯
鐃	铙
釷	钍
針	针
鎮	镇
銶	𨱇
𨭎	𬭳
鐳	镭
鑄	铸
鍺	锗
銬	铐
銠	铑
鐽	𫟼
錂	𨱋
鈇	𫓧
鈃	钘
鉶	铏
鈍	钝
銍	铚
鎛	镈
錆	锖
鋪	铺
錶	表
錏	铔
鉦	钲
鈣	钙
鈈	钚
鋙	铻
鎘	镉
鋉	𨱈
鏉	𨱒
鍊	炼
𨥛	𨱀
鈺	钰
鑪	𬬻
鈹	铍
鉬	钼
钁	镢
鉆	钻
釙	钋
銷	销
鍅	钫
𨨏	𬭛
鐋	铴
鎖	锁
鏜	镗
鐺	铛
钂	镋
鎲	镋
銚	铫
鈔	钞
鋰	锂
鍀	锝
鉭	钽
鍚	钖
釗	钊
鉮	𬬹
錩	锠
鏝	镘
錫	锡
錁	锞
錕	锟
鋗	𫓶
釦	扣
鋥	锃
鏤	镂
釧	钏
鈡	钟
鋁	铝
鍔	锷
銱	铞
鴝	鸲
錮	锢
銦	铟
鐸	铎
𨭆	𬭶
鈿	钿
鐶	镮
鉀	钾
鍶	锶
鏈	链
鐲	镯
鏍	镙
鑼	锣
鈠	𨱁
鏰	镚
觴	觞
鈾	铀
銅	铜
鎧	铠
鍘	铡
鉛	铅
鍋	锅
負	负
鋼	钢
奐	奂
鈉	钠
鋇	钡
釩	钒
𨧱	𨱊
鋸	锯
鈕	钮
𨫒	𨱐
𨦫	䦀
鏘	锵
鎇	镅
釓	钆
釔	钇
鋦	锔
鉍	铋
鏐	镠
鈮	铌
鱯	鳠
鰹	鲣
鰳	鳓
鰈	鲽
鯕	鲯
鯫	鲰
鯒	鲬
鰺	鲹
鰠	鳋
鮐	鲐
䰾	鲃
鮁	鲅
鯡	鲱
鮪	鲔
鮞	鲕
鰆	䲠
魷	鱿
鱤	鳡
𩽇	𩾎
鱖	鳜
鰩	鳐
魥	𩽹
䲖	𩾂
鮭	鲑
鰭	鳍
鮚	鲒
鱚	𬶮
鱝	鲼
鮳	鲓
鯪	鲮
鱈	鳕
𩵩	𩽺
鯄	𩾁
鯖	鲭
鮃	鲆
鰊	𬶠
鯻	𬶟
鱷	鳄
鰏	鲾
魨	鲀
鯁	鲠
鱺	鲡
鏷	镤
䱙	𩾈
鮍	鲏
鮎	鲇
鱸	鲈
鯱	𩾇
鱨	鲿
鮡	𬶐
𩸦	𩾆
鰻	鳗
魯	鲁
鯉	鲤
鰣	鲥
鯷	鳀
鯧	鲳
鰛	鳁
鰨	鳎
鯤	鲲
鰐	鳄
鯝	鲴
鰃	鳂
鰥	鳏
鰮	鳁
鰓	鳃
鰱	鲢
鮋	鲉
鰂	鲗
鮦	鲖
鯛	鲷
鱧	鳢
䱬	𩾊
䲁	鳚
鱂	鳉
鯴	鲺
魢	鱾
𩷰	𩾄
鰼	鳛
鱗	鳞
鐒	铹
錟	锬
𩶱	𩽽
鯶	𩽼
鯇	鲩
鮟	𩽾
鮀	𬶍
鮠	𬶏
鮣	䲟
鏻	𬭸
鮈	𬶋
鮑	鲍
鮸	𩾃
𩶰	𩽿
𩸃	𩾅
鮊	鲌
鰉	鳇
鰁	鳈
鮜	鲘
鰾	鳔
魺	鲄
䱰	𩾋
鮓	鲊
鯀	鲧
䲘	鳤
鰍	鳅
鰒	鳆
穌	稣
魚	鱼
鮮	鲜
鱒	鳟
鰌	䲡
𩶘	䲞
鱔	鳝
鰜	鳒
鮫	鲛
鰟	鳑
鯽	鲫
鱘	鲟
鮶	鲪
鯔	鲻
魛	鱽
鱲	𫚭
鯢	鲵
鮒	鲋
鰤	𫚕
鰶	𬶭
鱠	鲙
䱽	䲝
鯰	鲶
𩵹	𩽻
鰷	鲦
鈥	钬
鯿	鳊
鱭	鲚
鱣	鳣
鱅	鳙
鯨	鲸
鱇	𩾌
魴	鲂
鋐	𬭎
鎵	镓
錠	锭
鑌	镔
銨	铵
䥱	䥾
鑔	镲
鎔	镕
鑹	镩
鉈	铊
銫	铯
鈎	钩
𨮂	𨱕
鉤	钩
銘	铭
鑱	镵
鉋	铇
鑥	镥
夠	够
鍃	锪
鎩	铩
鉚	铆
鈞	钧
錚	铮
欽	钦
鎦	镏
釣	钓
鈑	钣
鈲	𨱃
鉑	铂
鍠	锽
釿	𬬱
銖	铢
錦	锦
遙	遥
鍁	锨
鑕	锧
𨧀	𬭊
鏢	镖
鉢	钵
釘	钉
鐔	镡
鈳	钶
殺	杀
䥑	鿏
錸	铼
弒	弑
剎	刹
鉥	𬬸
獲	获
𤢻	𢢐
猻	狲
獁	犸
銛	铦
鋒	锋
狹	狭
猙	狰
銹	锈
銩	铥
釺	钎
鋯	锆
鑽	钻
鋌	铤
銑	铣
鍤	锸
錘	锤
鍾	钟
獺	獭
鵟	𫛭
獮	狝
鎳	镍
獩	𤞃
鉻	铬
玁	𤞤
𤢟	𤝢
獨	独
㺏	𤠋
玀	猡
䥩	𨱖
狽	狈
釳	𨰿
鐇	𫔍
鍬	锹
獱	㺍
獰	狞
鋨	锇
猶	犹
獵	猎
獅	狮
獪	狯
獫	猃
獼	猕
獄	狱
釒	钅
鸑	𬸚
獷	犷
錈	锩
鐥	䦅
鐩	𬭼
鈄	钭
鍆	钔
鐦	锎
鎂	镁
鑭	镧
鋅	锌
鐘	钟
鐧	锏
鐿	镱
鏡	镜
錇	锫
鋭	锐
鏑	镝
䥕	𬭯
鐠	镨
鎊	镑
鉸	铰
鐏	𨱔
鏟	铲
鎌	镰
鎰	镒
鉳	锫
銻	锑
鎡	镃
銀	银
鏽	锈
鍵	键
釹	钕
鎪	锼
録	录
鉊	𬬿
銣	铷
錙	锱
鑞	镴
鋟	锓
鵮	鹐
鎓	𬭩
鍛	锻
鉁	𨱅
錀	𬬭
鑰	钥
銓	铨
鍮	𨱎
鉿	铪
鎿	镎
鐙	镫
銳	锐
鍭	𬭤
鎢	钨
鎚	锤
銼	锉
鏺	䥽
鈋	𨱂
鈴	铃
鎸	镌
錐	锥
鐫	镌
鈐	钤
鐎	𨱓
鏆	𨱌
錄	录
鉧	𬭁
鎭	镇
鐨	镄
鏹	镪
鑠	铄
鍇	锴
鍍	镀
錞	𬭚
鐓	镦
銃	铳
鋶	锍
銥	铱
鎄	锿
鍄	𨱉
鑲	镶
鈰	铈
鎬	镐
鈧	钪
鈁	钫
䥇	䦂
鑣	镳
鏃	镞
鏇	旋
鐮	镰
鎯	𨱍
鋃	锒
鏞	镛
劉	刘
貿	贸
鶹	鹠
鉉	铉
㩜	㨫
攬	揽
擓	㧟
摳	抠
攤	摊
攝	摄
𢶫	𢫞
摻	掺
擾	扰
捱	挨
擫	𢬍
頎	颀
拋	抛
挾	挟
採	采
撝	㧑
掙	挣
掛	挂
撓	挠
皁	皂
擷	撷
㿧	𤽯
擣	捣
撻	挞
攆	撵
掗	挜
摶	抟
揀	拣
皟	𤾀
㩵	擜
據	据
擄	掳
攄	摅
鷉	䴘
遞	递
挱	挲
擋	挡
撐	撑
揚	扬
擻	擞
摟	搂
撣	掸
損	损
摑	掴
擺	摆
擇	择
無	无
搵	揾
皚	皑
製	制
罎	坛
攖	撄
撾	挝
缽	钵
罈	坛
掆	㧏
攜	携
戶	户
氫	氢
揯	搄
氬	氩
氭	𣱝
氳	氲
氣	气
摺	折
𢷮	𢫊
撲	扑
撈	捞
擯	摈
揮	挥
擰	拧
攛	撺
𢹿	𢬦
𩳤	𩲒
𩴵	𩴌
魎	魉
擔	担
攙	搀
換	换
擼	撸
撳	揿
搖	摇
摋	𢫬
撫	抚
質	质
撟	挢
攢	攒
鵯	鹎
捲	卷
攏	拢
捫	扪
攔	拦
擲	掷
擱	搁
撏	挦
掃	扫
攪	搅
捨	舍
掄	抡
撿	捡
挩	捝
搗	捣
撥	拨
㩳	㧐
搶	抢
旣	既
卽	即
摜	掼
擽	㧰
擬	拟
擴	扩
擠	挤
𩿪	𪉄
擁	拥
𣠩	𣞎
棧	栈
樺	桦
橫	横
樫	㭴
檻	槛
欖	榄
樞	枢
櫃	柜
㰙	𣗙
權	权
槓	杠
樠	𣗊
欍	𣐤
橢	椭
極	极
檉	柽
槮	椮
榪	杩
棖	枨
頂	顶
遷	迁
櫪	枥
樁	桩
梜	𬂩
査	查
橈	桡
隸	隶
飄	飘
構	构
樹	树
檯	台
欞	棂
櫝	椟
檮	梼
檣	樯
醃	腌
椏	桠
釃	酾
槫	𣏢
棟	栋
醖	酝
𨢿	𨡙
𨣈	𨡺
釅	酽
醞	酝
醲	𬪩
醜	丑
𨣞	𨟳
桱	𣐕
棲	栖
醱	酦
釀	酿
𨣧	𨠨
醣	糖
櫨	栌
楨	桢
梘	枧
檔	档
欓	𣗋
樑	梁
桿	杆
楊	杨
樓	楼
樿	椫
柺	拐
枴	拐
槶	椢
𣞻	𣘓
槤	梿
榲	榅
欏	椤
柵	栅
榿	桤
櫻	樱
楇	𣒌
楓	枫
賈	贾
棡	㭎
椲	㭏
欘	𣚚
紮	扎
樸	朴
橯	𣓿
檳	槟
檸	柠
𣠲	𣑶
櫓	橹
礬	矾
樧	榝
檭	𣘴
梔	栀
鬱	郁
櫍	𬃊
覈	核
標	标
䫴	𩖗
檟	槚
棶	梾
𣝕	𣘷
橋	桥
櫛	栉
樅	枞
櫳	栊
樣	样
欄	栏
𣙎	㭣
櫚	榈
櫬	榇
樳	桪
櫸	榉
欅	榉
檜	桧
檢	检
樤	𣔌
梲	棁
樢	㭤
䴬	𪎈
麯	曲
麬	𤿲
麵	面
來	来
䴴	𪎋
勑	𠡠
賚	赉
顂	𩓋
憖	慭
麪	面
麫	面
麴	曲
麲	𪎉
麥	麦
麨	𪎊
㯤	𣘐
麩	麸
麳	𪎌
槍	枪
櫟	栎
櫞	橼
機	机
槨	椁
櫥	橱
櫧	槠
檁	檩
𥵃	𥱔
箋	笺
篋	箧
籃	篮
築	筑
篢	𬕂
穫	获
穇	䅟
篸	𥮾
篤	笃
榘	矩
衚	胡
喬	乔
䀉	𥁢
矯	矫
鴰	鸹
筴	䇲
𥞵	𥞦
艦	舰
穩	稳
艫	舻
稱	称
盤	盘
𦪽	𦨩
艤	舣
箏	筝
艙	舱
𦪙	䑽
鵃	鸼
䉙	𥬀
鴴	鸻
鵠	鹄
𣯶	毶
籌	筹
𣯴	𣭤
氌	氇
𣯩	𣯣
頲	颋
酇	酂
贊	赞
穡	穑
稜	棱
郵	邮
稏	䅉
動	动
籟	籁
勳	勋
簀	箦
積	积
徑	径
籋	𥬞
穢	秽
牘	牍
邊	边
筧	笕
簹	筜
篳	筚
𩡣	𩡖
稈	秆
籔	䉤
簍	篓
簣	篑
𥢢	䅪
簞	箪
篔	筼
衊	蔑
範	范
卹	恤
箇	个
𪄆	𪉔
囪	囱
衆	众
籮	箩
穠	秾
軀	躯
軉	𨉗
頽	颓
𥸠	𥮋
龜	龟
衕	同
懲	惩
徵	征
黴	霉
秈	籼
奧	奥
粵	粤
鵚	𪉍
衛	卫
釋	释
鷭	𬸪
鶖	鹙
籛	篯
禿	秃
篘	𥬠
頹	颓
銜	衔
筍	笋
穭	穞
籙	箓
犢	犊
禦	御
籜	箨
鵝	鹅
𤛮	𤙯
犧	牺
徠	徕
術	术
種	种
衝	冲
籩	笾
復	复
籠	笼
簡	简
節	节
筆	笔
簫	箫
籅	𥫣
𥵊	𥭉
籲	吁
簽	签
篠	筿
稅	税
篩	筛
聳	耸
籤	签
從	从
慫	怂
䢨	𨑹
鰵	鳘
䉲	𥮜
彿	佛
後	后
籪	簖
籬	篱
徹	彻
簑	蓑
糴	籴
簾	帘
癘	疠
閾	阈
癱	瘫
𨶀	𨸉
聞	闻
𨳕	𨸀
癮	瘾
痾	疴
遡	溯
瘮	瘆
闖	闯
㵗	𣳆
憑	凭
痠	酸
馮	冯
閎	闳
閆	闫
䍽	𦍠
羥	羟
閹	阉
鮝	鲞
鮺	鲝
癧	疬
療	疗
瘞	瘗
𥪂	𥩺
養	养
羶	膻
鯗	鲞
閒	闲
聾	聋
礱	砻
龍	龙
龑	䶮
襲	袭
壟	垄
龔	龚
讋	詟
閿	阌
凈	净
鷳	鹇
闔	阖
閨	闺
癲	癫
闐	阗
閈	闬
𨶮	𨸌
閉	闭
闍	阇
闥	闼
開	开
𨴗	𨸅
閂	闩
閏	闰
瘂	痖
羨	羡
凍	冻
𨵩	𨸆
癩	癞
闌	阑
義	义
痙	痉
瘧	疟
闃	阒
門	门
闊	阔
𡮉	𡭜
間	间
瘍	疡
閩	闽
閶	阊
韻	韵
闒	阘
贛	赣
戇	戆
問	问
袞	衮
瘻	瘘
闠	阓
閭	闾
癉	瘅
闡	阐
闆	板
𤸫	𤶧
兗	兖
競	竞
闤	阛
閘	闸
閫	阃
辦	办
適	适
敵	敌
闓	闿
幣	币
鱉	鳖
彆	别
斃	毙
癭	瘿
瘋	疯
颯	飒
闞	阚
瘺	瘘
闈	闱
悶	闷
闢	辟
並	并
癆	痨
竚	𥩟
閽	阍
瘓	痪
癬	癣
閻	阎
䦛	䦶
餈	糍
資	资
鵁	䴔
𨶏	𨸊
闉	𬮱
鄭	郑
親	亲
閑	闲
鷴	鹇
顔	颜
閐	𨸃
癟	瘪
導	导
𩠴	𩠠
闑	𫔶
閣	阁
㿗	𤻊
癥	症
産	产
剷	铲
癤	疖
瘲	疭
闕	阙
癢	痒
癇	痫
闇	暗
閲	阅
䦘	𨸄
癰	痈
鶼	鹣
閥	阀
𠗣	㓆
𨷲	𨸎
闋	阕
癐	𤶊
閤	合
癒	愈
𨵸	𨸇
閃	闪
閱	阅
鷁	鹢
䦟	䦷
瘡	疮
𨶲	𨸋
鵜	鹈
辮	辫
䦳	𨷿
癡	痴
關	关
鶿	鹚
鷀	鹚
誾	訚
閔	闵
凜	凛
閌	闶
𨳑	𨸁
閡	阂
辯	辩
閍	𨸂
閬	阆
閼	阏
鄩	𬩽
彠	彟
尋	寻
嫗	妪
𡠹	㛿
鱀	𬶨
㜗	𡞋
駑	驽
媽	妈
嬡	嫒
嬀	妫
嬈	娆
書	书
晝	昼
肅	肃
鷫	鹔
畵	画
畫	画
劃	划
毀	毁
嬙	嫱
婭	娅
孋	㛤
舉	举
㦛	𢗓
歟	欤
與	与
譽	誉
娙	𫰛
盡	尽
嬋	婵
㜏	㛣
娛	娱
輿	舆
㜢	𡞱
媼	媪
姍	姗
釁	衅
興	兴
媧	娲
㜄	㚯
孎	𡠟
鼴	鼹
災	灾
嬪	嫔
嬸	婶
兒	儿
媰	㛀
𡞵	㛟
學	学
斅	𢽾
礐	𬒈
澩	泶
嚳	喾
嶨	峃
鱟	鲎
鷽	鸴
覺	觉
斆	敩
黌	黉
嫵	妩
奼	姹
嬌	娇
羣	群
頵	𫖳
嫺	娴
𡢃	㛠
嫻	娴
嫿	婳
婦	妇
姦	奸
鳩	鸠
嫋	袅
孃	娘
嬤	嬷
媯	妫
僅	仅
傴	伛
儺	傩
貸	贷
備	备
憊	惫
頌	颂
鶲	鹟
傌	㐷
優	优
倀	伥
佈	布
㑯	㑔
俠	侠
𠏢	𠉗
僞	伪
儎	傤
僨	偾
僥	侥
舘	馆
儔	俦
倖	幸
㒓	𠉂
覦	觎
傳	传
倲	㑈
鄧	邓
龕	龛
劍	剑
頜	颌
鴿	鸽
斂	敛
僉	佥
鄶	郐
劊	刽
會	会
侖	仑
儷	俪
倆	俩
債	债
俓	𠇹
佔	占
偵	侦
俔	伣
脩	修
絛	绦
條	条
償	偿
儻	傥
僤	𫢸
儼	俨
俁	俣
兌	兑
敓	敚
侶	侣
個	个
俥	伡
僂	偻
儸	㑩
儂	侬
側	侧
偑	㐽
鄔	邬
𠞆	𠛆
烏	乌
偉	伟
帥	帅
師	师
歸	归
侷	局
僕	仆
餞	饯
饃	馍
饉	馑
饊	馓
餌	饵
飿	饳
飴	饴
餕	馂
餬	糊
餒	馁
傢	家
餑	饽
饁	馌
饒	饶
饢	馕
餺	馎
餗	𫗧
儐	傧
飩	饨
餖	饾
饅	馒
餳	饧
餜	馃
餛	馄
蝕	蚀
饋	馈
餵	喂
餶	馉
飢	饥
飼	饲
饌	馔
館	馆
餚	肴
餾	馏
飽	饱
餡	馅
飲	饮
饞	馋
飯	饭
餼	饩
餷	馇
佇	伫
飣	饤
飥	饦
飫	饫
飪	饪
飾	饰
餉	饷
餎	饹
飭	饬
餓	饿
餅	饼
饈	馐
餸	𩠌
餃	饺
餿	馊
餱	糇
餄	饸
餘	余
饑	饥
餏	饻
饘	𫗴
傑	杰
爺	爷
㑳	㑇
㑶	㐹
價	价
鵂	鸺
倈	俫
俬	私
僑	侨
賃	赁
傷	伤
傯	偬
敘	叙
係	系
併	并
們	们
儀	仪
億	亿
儭	𠋆
頒	颁
鸌	鹱
裊	袅
島	岛
鳧	凫
鳬	凫
鳥	鸟
梟	枭
𪇳	𪉕
鴕	鸵
儘	尽
貧	贫
倫	伦
儈	侩
儉	俭
卻	却
慾	欲
鵒	鹆
𠌥	𠆿
傘	伞
傖	伧
儁	俊
傾	倾
發	发
貨	货
儣	𠆲
領	领
鴒	鸰
隻	只
儲	储
儕	侪
雋	隽
貪	贪
頷	颔
僱	雇
鷦	鹪
進	进
偽	伪
戧	戗
𩛆	𩠂
𩜇	𩠉
𩚥	𩠀
𩝔	𩠋
𩚵	𩠁
𩞯	䭪
傭	佣
𩜦	𩠆
創	创
𩜵	𩠊
𩞄	𩠎
倉	仓
䭃	𩠈
鶬	鸧
䭀	𩠇
𩟐	𩠅
𩞦	𩠏
𩛩	𩠃
𩚛	𩟿
雙	双
讎	雠
綫	线
𦃄	𦈗
絨	绒
紺	绀
緙	缂
紅	红
繿	䍀
纜	缆
彄	𫸩
緓	绬
紲	绁
䌋	𦈘
䌰	𦈙
䋙	䌺
絀	绌
紓	纾
綴	缀
強	强
紿	绐
𦂅	𦈒
紘	纮
紱	绂
張	张
縟	缛
絝	绔
緘	缄
縬	𦈚
緋	绯
緬	缅
頃	顷
綺	绮
綁	绑
繚	缭
䌥	𦈠
綳	绷
緩	缓
組	组
綬	绶
綵	彩
綏	绥
級	级
紜	纭
繻	𦈡
繞	绕
縝	缜
頴	颕
結	结
纈	缬
續	续
䋻	䌾
貫	贯
緒	绪
䊷	䌶
鴇	鸨
綾	绫
紂	纣
純	纯
絰	绖
緻	致
縛	缚
綪	𬘬
紆	纡
剝	剥
彔	录
縳	䌸
綆	绠
綀	𦈌
䋹	䌿
繮	缰
練	练
績	绩
縉	缙
彙	汇
弳	弪
經	经
彌	弥
㜷	𡝠
瓕	𤦀
緲	缈
綽	绰
弔	吊
眞	真
潁	颍
綃	绡
緔	绱
紗	纱
繓	𦈛
緹	缇
紳	绅
縵	缦
緼	缊
費	费
䌈	𦈖
鴲	𪉆
緄	绲
緝	缉
絹	绢
縷	缕
紃	𬘓
繢	缋
繾	缱
彈	弹
繟	𦈎
繰	缲
絪	𬘡
繹	绎
纆	𬙊
細	细
䋿	𦈓
繯	缳
緦	缌
縺	𦈐
綑	捆
縕	缊
縲	缧
轡	辔
繃	绷
縎	𦈔
綢	绸
紬	䌷
繩	绳
絅	䌹
纓	缨
綱	纲
網	网
納	纳
緡	缗
紐	纽
䋚	䌻
糾	纠
緯	纬
䌟	𦈞
紀	纪
繏	𦈝
糹	纟
繆	缪
熲	颎
綜	综
綄	𬘫
綻	绽
繽	缤
縯	𬙂
緷	𦈉
綰	绾
紞	𬘘
紵	纻
縮	缩
緍	𦈏
紙	纸
縐	绉
絶	绝
絺	𫄨
絢	绚
纔	才
綯	绹
約	约
線	线
綿	绵
樂	乐
繳	缴
𥿊	𦈈
緸	𦈑
縹	缥
綇	𦈋
緗	缃
䌝	𦈟
綝	𬘭
絳	绛
穎	颖
縫	缝
綉	绣
紝	纴
絎	绗
纘	缵
綎	𬘩
綞	缍
纁	𫄸
綹	绺
綖	𫄧
絡	络
總	总
紇	纥
終	终
縱	纵
鄉	乡
饗	飨
蠁	蚃
響	响
嚮	向
織	织
綣	绻
繕	缮
繸	䍁
絆	绊
繶	𫄷
綐	䌼
繒	缯
締	缔
絞	绞
縑	缣
縊	缢
綈	绨
絕	绝
繡	绣
緑	绿
繅	缫
紹	绍
緇	缁
紈	纨
紉	纫
緞	缎
綸	纶
緰	𦈕
繪	绘
給	给
緶	缏
縧	绦
緱	缑
縋	缒
紛	纷
纖	纤
綌	绤
維	维
䌖	𦈜
幾	几
緣	缘
綠	绿
斷	断
紖	纼
鷥	鸶
絲	丝
紼	绋
紕	纰
繼	继
纊	纩
縭	缡
綧	𬘯
統	统
綡	𫟅
纏	缠
縗	缞
纕	𬙋
縞	缟
紡	纺
編	编
孿	孪
縴	纤
蠻	蛮
巒	峦
戀	恋
鸞	鸾
鑾	銮
攣	挛
欒	栾
變	变
孌	娈
臠	脔
彎	弯
絃	弦
紋	纹
試	试
誡	诫
諓	𬣡
諾	诺
諶	谌
廝	厮
謀	谋
訌	讧
譁	哗
誆	诓
訝	讶
謨	谟
謹	谨
謳	讴
鄺	邝
𠠎	𠚳
廣	广
詎	讵
諜	谍
鷓	鹧
譖	谮
讌	䜩
護	护
誣	诬
謊	谎
諏	诹
廳	厅
嚲	亸
詘	诎
離	离
廕	荫
鶉	鹑
棄	弃
譎	谲
誦	诵
詒	诒
誒	诶
顏	颜
彥	彦
誇	夸
詁	诂
諴	𫍯
廈	厦
誄	诔
誹	诽
誠	诚
詼	诙
產	产
諼	谖
詛	诅
謡	谣
諑	诼
詿	诖
詩	诗
計	计
訐	讦
廟	庙
講	讲
廚	厨
詰	诘
讀	读
譸	诪
誌	志
諸	诸
褻	亵
𪁈	𪉉
討	讨
贇	赟
請	请
訏	𬣙
証	证
譓	𬤝
語	语
諫	谏
評	评
讞	谳
謔	谑
廬	庐
詖	诐
詀	𧮪
訃	讣
鷲	鹫
誚	诮
廠	厂
讜	谠
齏	齑
裏	里
諟	𬤊
𧩙	䜥
齋	斋
劑	剂
謾	谩
齎	赍
謁	谒
課	课
誤	误
訓	训
譴	谴
諤	谔
譟	噪
謂	谓
譯	译
譞	𫍽
庫	库
顫	颤
氈	毡
鸇	鹯
稟	禀
畝	亩
謖	谡
設	设
頏	颃
調	调
詷	𫍣
訕	讪
廁	厕
詗	诇
諷	讽
訥	讷
訊	讯
詡	诩
詞	词
諝	谞
諱	讳
塵	尘
慶	庆
啟	启
贏	赢
記	记
啓	启
謐	谧
頦	颏
謬	谬
顧	顾
訣	诀
談	谈
謎	谜
這	这
誼	谊
諢	诨
詝	𬣞
詫	诧
讅	谉
詆	诋
訩	讻
謅	诌
詭	诡
譫	谵
詢	询
讒	谗
㢝	𢋈
廞	𫷷
謠	谣
誑	诳
諂	谄
諍	诤
詬	诟
訢	䜣
誅	诛
廡	庑
訴	诉
諲	𬤇
訂	订
廂	厢
譚	谭
訶	诃
麽	么
麼	么
託	托
遊	游
話	话
誘	诱
許	许
誥	诰
讚	赞
詵	诜
詐	诈
誕	诞
謝	谢
訖	讫
為	为
旂	旗
鷟	𬸦
諉	诿
誨	诲
識	识
詳	详
龐	庞
譾	谫
謭	谫
斕	斓
讕	谰
議	议
諳	谙
説	说
謫	谪
譜	谱
諦	谛
謗	谤
諮	咨
諺	谚
謙	谦
謚	谥
譭	毁
廄	厩
詪	𬣳
謏	𫍲
詔	诏
齊	齐
賡	赓
鶊	鹒
諛	谀
䜀	䜧
認	认
訒	讱
訟	讼
診	诊
論	论
詮	诠
諭	谕
諡	谥
證	证
說	说
於	于
鳼	𪉃
讖	谶
應	应
鷹	鹰
雜	杂
廢	废
訛	讹
誰	谁
諗	谂
譙	谯
廎	庼
詣	诣
牽	牵
甕	瓮
諧	谐
譏	讥
諄	谆
註	注
諒	谅
讓	让
廩	廪
訪	访
諞	谝
詠	咏
該	该
誶	谇
