# code	trad	simp_peer	layer	freq
acbm	蕷	蓣	0	0
admt	蕆	蒇	0	0
admy	項	项	0	33735
afmi	貳	贰	0	16393
agaj	荊	荆	0	23096
ahkm	賾	赜	0	7978
ahkm	頤	颐	0	18576
ahtb	𪘯	𪚐	0	0
ajdc	驀	蓦	0	11732
akgq	覲	觐	0	15419
akhm	匱	匮	0	17974
akhm	蕢	蒉	0	0
akkm	顴	颧	0	7978
alpu	蓮	莲	0	25617
alvv	匭	匦	0	7978
amjj	萴	荝	0	0
amu	貢	贡	3	27079
anml	勩	勚	0	0
anmu	貰	贳	0	6474
aplj	葷	荤	0	11633
aukf	蔄	𬜬	0	0
auwy	藺	蔺	0	10129
awgt	蘞	蔹	0	0
awwq	覡	觋	0	10129
axaf	葒	荭	0	0
axfu	葤	荮	0	0
axgn	蒓	莼	0	0
axjl	藴	蕴	0	0
axqy	葯	药	0	9266
ayjn	藹	蔼	0	15007
bhic	騭	骘	0	10432
bkhm	聵	聩	0	11086
bkhm	隤	𬯎	0	0
bkmy	隕	陨	0	20689
blh	陣	阵	3	29477
cadw	騏	骐	0	11316
cbci	驟	骤	0	24238
cbdm	預	预	0	33643
cbn	馳	驰	3	22740
cbtc	騖	骛	0	8533
cbtm	䂎	𥎝	0	0
cccm	顙	颡	0	9426
cckg	駘	骀	0	7310
ccwt	駿	骏	0	23756
ccy	馭	驭	3	15872
ccyj	騷	骚	0	24885
cdfa	𩣺	𩧼	0	0
cdjd	騑	𬴂	0	6918
cdri	騵	𫘪	0	0
cdsk	騎	骑	0	27268
cdwj	䮞	𩨁	0	0
cdy	馱	驮	3	12809
cegg	駔	驵	0	7310
cexd	騱	𫘬	0	0
cfhw	𩥄	𩨋	0	0
cfkg	𩢴	𩧵	0	0
cfsh	驦	骦	0	0
cgig	駓	𬳵	0	0
cgkj	𩤲	𩨉	0	0
cgkl	䮠	𩧿	0	0
cjg	馹	驲	3	0
cjgh	騠	𫘨	0	0
cjng	𩥑	𩨌	0	0
cjqn	騔	𩨀	0	0
cjsy	騍	骒	0	0
ckh	馴	驯	3	17439
ckqy	駛	驶	0	28855
cldy	駰	骃	0	8533
cleg	𩤸	𩨅	0	0
clg	駟	驷	3	6474
clxi	騾	骡	0	12013
cmdy	駚	𩧫	0	0
cmfg	𩢡	𩧬	0	0
cmg	駎	𩧨	3	0
cmgk	駧	𩧲	0	0
cmgn	騁	骋	0	11922
cmkg	駉	𬳶	0	0
cmu	貟	贠	3	0
cnae	𩥇	𩨍	0	0
cnbb	驏	骣	0	0
cnnk	駶	𩧺	0	0
cnwy	駃	𫘝	0	0
coqh	驎	𬴊	0	0
cpfi	騌	骔	0	0
cplh	䮝	𩧰	0	0
cpvg	𩣑	䯃	0	0
cpxn	駝	驼	0	17654
cqkg	駒	驹	0	20780
cqqy	駁	驳	0	25301
cqrm	騊	𫘦	0	0
cqyl	騮	骝	0	11633
crwy	䭿	𩧭	0	0
csfi	驃	骠	0	15728
ctey	𩢸	𩧳	0	0
ctfq	駪	𬳽	0	0
ctkg	駱	骆	0	21418
ctln	驄	骢	0	8780
ctol	䮳	𩨏	0	0
cuah	駢	骈	0	15185
cuej	騚	𩨊	0	0
cuh	騂	骍	3	0
cuxw	驥	骥	0	15185
cvfp	騝	𩨃	0	0
cvhc	騪	𩨄	0	0
cviy	騄	𫘧	0	7661
cvln	𩧆	𩨐	0	0
cvpc	駸	骎	0	0
cwfy	駙	驸	0	13015
cwgd	騤	骙	0	5961
cwgg	駩	𩧴	0	0
cwgj	騟	𩨈	0	0
cwjh	𩡺	𩧦	0	0
cwty	駼	𬳿	0	0
cwyg	騅	骓	0	9616
cygg	駐	驻	0	28635
cyke	驤	骧	0	14896
cyna	騙	骗	0	27009
cynn	騸	骟	0	0
cynw	駭	骇	0	19253
cyps	𩤙	𩨆	0	0
cyxy	䮄	𫠊	0	0
cyy	馼	𫘜	3	0
damy	碽	䂵	0	8533
ddmy	碩	硕	0	23992
dece	鬖	𩭹	0	0
defm	𩯳	𩯒	0	0
dgmy	磧	碛	0	10840
djdl	輩	辈	0	24464
dlh	硨	砗	3	0
dlk	厙	厍	3	8533
dmjk	厠	厕	0	0
dmu	頁	页	3	30457
dwwm	贋	赝	0	0
dwwm	贗	赝	0	9616
eafm	膩	腻	0	18626
edmv	嬃	媭	0	0
edmy	須	须	0	33055
efam	豶	豮	0	0
eplh	腪	𣍯	0	0
etfm	臢	臜	0	0
eudc	騰	腾	0	25033
eudm	𩓣	𩖕	0	0
falk	載	载	0	31188
famu	賁	贲	0	14579
fcdm	頍	𫠆	0	0
fdmm	顬	颥	0	6474
fdmy	頇	顸	0	6474
fhtm	趲	趱	0	0
fhwm	顛	颠	0	23070
fjgq	覯	觏	0	0
fkdm	頡	颉	0	16926
fkmy	塤	埙	0	0
fkum	𪔵	𪔭	0	0
fmy	垻	坝	3	0
fohm	赬	赪	0	0
fpgg	壼	壸	0	13081
fpmn	慤	悫	0	9796
fqdm	頑	顽	0	20111
fwfl	輦	辇	0	14319
fwwm	賫	赍	0	6474
fyjn	靄	霭	0	16393
gbnm	頓	顿	0	30999
gdmy	頊	顼	0	12948
gimy	瑣	琐	0	19422
gkim	賴	赖	0	27668
gkma	𩰹	𩰰	0	0
glpy	璉	琏	0	14896
gmln	勣	𪟝	0	13939
gmmv	瓔	璎	0	8533
gmu	責	责	3	32422
gmyb	酈	郦	0	15638
gmye	彲	彨	0	0
gmyp	邐	逦	0	10709
gplh	琿	珲	0	9725
gqjc	𩢾	𩧮	0	0
gqkm	殞	殒	0	15452
gqkm	殨	㱮	0	0
gqtc	驁	骜	0	10709
gqtm	贅	赘	0	15254
gqtr	殤	殇	0	17883
gtfm	瓚	瓒	0	13836
haoq	覷	觑	0	11828
haqt	䱷	䲣	0	0
hcdm	頗	颇	0	25978
hidf	顰	颦	0	9010
hidm	頻	频	0	29609
hkhm	瞶	瞆	0	0
hlrh	䁪	𥇢	0	0
hmu	貞	贞	3	24014
hugg	瞤	𥆧	0	0
hxmu	貲	赀	0	11530
iadm	頮	颒	0	0
icbm	澦	滪	0	0
idhc	灧	滟	0	0
ifam	濆	𣸣	0	7310
igkm	瀨	濑	0	19517
igmy	漬	渍	0	17439
ihan	濾	滤	0	22727
ihim	瀕	濒	0	20322
ihmy	湞	浈	0	0
ijym	灝	灏	0	16864
ikhm	潰	溃	0	24117
ikmy	溳	涢	0	0
ilpy	漣	涟	0	13677
ilrh	漸	渐	0	30188
imjh	測	测	0	34400
imjr	瀃	𣽷	0	0
imy	浿	𬇙	3	7661
ipkm	賞	赏	0	27653
iplh	渾	浑	0	20999
iqdm	頫	𫖯	0	15007
iqmd	渙	涣	0	14645
iqpl	輝	辉	0	27965
iugg	潤	润	0	26090
iugi	瀾	澜	0	18316
iujg	澗	涧	0	16648
ivyh	澀	涩	0	18638
iwgt	瀲	潋	0	6918
ixwy	濰	潍	0	12879
iytf	滸	浒	0	15955
iyxj	𣿉	𣶫	0	0
jghh	韙	韪	0	6474
jghm	題	题	0	33958
jkhp	𧔥	𧒭	0	0
jmhm	顒	颙	0	15321
jngg	𣈶	暅	0	0
jplh	暉	晖	0	20498
jplj	暈	晕	0	21579
jsdm	顆	颗	0	26892
juqm	蠀	𧏗	0	0
jyim	顥	颢	0	15185
kamy	嗊	唝	0	0
kdmy	順	顺	0	29681
kfam	噴	喷	0	26242
kgmy	嘖	啧	0	9967
khag	噓	嘘	0	15728
khay	躪	躏	0	13451
khgm	貴	贵	0	29195
khgp	遺	遗	0	29658
khrm	躓	踬	0	0
khtm	躦	躜	0	0
khub	躑	踯	0	8267
khui	躝	𨅬	0	0
khuj	𨅍	𨁴	0	0
kimy	嗩	唢	0	12513
kkdk	囂	嚣	0	20288
kkfm	顎	颚	0	18063
kmbh	鄖	郧	0	9967
kmln	勛	勋	0	18438
kmmv	嚶	嘤	0	0
kmu	員	员	3	38464
kmy	唄	呗	3	13919
kqmd	喚	唤	0	22198
kunt	㘚	㘎	0	0
kxqy	喲	哟	0	11180
laag	軾	轼	0	16625
labc	𨎮	𨐉	0	0
lafc	羈	羁	0	19683
lbnn	輒	辄	0	19139
lcbs	輮	𫐓	0	0
lccc	輟	辍	0	16692
ldbn	軛	轭	0	14741
ldg	軲	轱	3	0
ldwd	輳	辏	0	10284
ldy	軑	轪	3	0
leg	𨊸	䢁	0	0
lfh	軒	轩	3	23816
lfke	轅	辕	0	18449
lfoe	黲	黪	0	0
lgah	𨊻	𨐆	0	0
lgcf	輊	轾	0	0
lgey	輔	辅	0	27263
lgkl	輻	辐	0	23605
lgqn	軏	𫐄	0	0
liqn	輄	𨐈	0	0
ljlg	輼	辒	0	0
ljxx	輥	辊	0	0
lkbg	輯	辑	0	29161
lkmi	圓	圆	0	28340
lkmu	賀	贺	0	26627
lkwy	軹	轵	0	8267
lmcy	軗	𨐅	0	0
lmg	軸	轴	3	25355
lmun	輞	辋	0	0
lnae	輾	辗	0	19139
lnn	軋	轧	3	14780
loqh	轔	辚	0	0
lpdk	轄	辖	0	27494
lpdn	𨏥	𨐊	0	0
lpk	連	连	3	33924
lqan	軝	𬨂	0	0
lqwy	軟	软	0	29197
lrff	塹	堑	0	16393
lrh	斬	斩	3	24375
lrjf	暫	暂	0	30960
lrqf	鏨	錾	0	0
lrsu	槧	椠	0	0
lrwy	軼	轶	0	14274
lskg	軻	轲	0	14452
ltey	輈	辀	0	0
ltkg	輅	辂	0	9616
ltnn	𨊰	䢀	0	0
ltuh	軤	轷	0	0
luep	䡵	𫟦	0	0
lug	𨋢	䢂	0	0
luqy	較	较	0	34428
lusg	輶	𬨎	0	6918
lvkg	軺	轺	0	0
lvlg	輜	辎	0	13939
lvn	軌	轨	3	28203
lvqn	輗	𫐐	0	0
lvyy	軔	轫	0	12738
lwet	軫	轸	0	13015
lwgg	輇	辁	0	0
lwgj	輸	输	0	30370
lyct	轍	辙	0	18638
lyiy	輬	辌	0	0
lyjj	罰	罚	0	28603
lynx	轆	辘	0	12435
madt	賊	贼	0	25292
mawq	覥	觍	0	0
mckg	貽	贻	0	17491
mdeg	賄	贿	0	21348
mdfe	賑	赈	0	16692
mdlj	輋	𪨶	0	17989
mdmm	顓	颛	0	11922
mdmy	頔	𬱖	0	7310
mdwj	賰	䞐	0	0
mef	冑	胄	3	14038
mfhm	巔	巅	0	17478
mfiy	賕	赇	0	6474
mftj	賭	赌	0	26787
mftt	財	财	0	30846
mgah	賦	赋	0	25261
mgef	賻	赙	0	0
mgeg	䝼	䞍	0	0
mhce	幓	㡎	0	0
mhgm	幘	帻	0	7310
mhhm	幀	帧	0	16417
mhkg	貼	贴	0	29211
mhny	貝	贝	0	29108
mjh	則	则	3	36175
mjhg	賵	赗	0	0
mjjg	𧶧	䞎	0	0
mjqr	賜	赐	0	24763
mkgg	𧶔	𧹓	0	0
mkkn	贃	𧹗	0	0
mkqn	貺	贶	0	5961
mlrj	嶄	崭	0	18699
mmaw	賟	𧹖	0	0
mmfk	賙	赒	0	0
mmmu	贔	赑	0	9010
mmrm	罌	罂	0	11157
mmvf	嬰	婴	0	25434
mndg	䝻	𧹕	0	0
mooy	賧	赕	0	0
mqdy	贍	赡	0	14780
mqqw	嶔	嵚	0	7978
mrcy	販	贩	0	25751
mtdh	峯	峰	0	20519
mtkg	賂	赂	0	17929
mtpy	貶	贬	0	22223
mty	敗	败	3	30693
mukg	賠	赔	0	24842
mulj	贈	赠	0	26921
muvo	賺	赚	0	24495
mwfi	賒	赊	0	10736
mynw	賅	赅	0	9224
nfam	憤	愤	0	25050
ngkm	懶	懒	0	20800
nkhm	憒	愦	0	0
nlrh	慚	惭	0	15900
nmi	屓	屃	3	0
nmjh	惻	恻	0	13209
nplh	惲	恽	0	11530
nplj	翬	翚	0	6474
nuyy	憫	悯	0	17258
nxfm	慣	惯	0	26678
odmy	煩	烦	0	23493
ofwm	㸇	𤎺	0	0
okmy	熉	𤈶	0	0
oodm	顃	𩖖	0	0
oqmd	煥	焕	0	21056
ouny	燜	焖	0	13015
ouwy	熌	𤇄	0	0
oxim	纇	颣	0	8533
pfjc	騫	骞	0	15151
pfjm	賽	赛	0	34081
plbh	鄆	郓	0	9426
plhc	皸	皲	0	0
plj	軍	军	3	36418
ptkm	額	额	0	31153
pugm	襀	𫌀	0	0
pugm	襰	𧝝	0	0
pukm	䙡	䙌	0	0
pulp	褳	裢	0	0
pupl	褌	裈	0	6474
putd	襖	袄	0	11203
puui	襴	襕	0	9010
puuj	襇	裥	0	0
puyl	褲	裤	0	23847
pwaj	𥨐	𥧂	0	0
pwfq	窺	窥	0	18343
pyhm	禎	祯	0	18759
qadk	鍩	锘	0	0
qadw	錤	𫓹	0	0
qafg	鉗	钳	0	17742
qafj	鐯	䦃	0	0
qahb	鋣	铘	0	0
qahc	𩣏	𩧶	0	0
qaht	釾	䥺	0	0
qajd	鏌	镆	0	0
qajg	錯	错	0	29503
qakg	鉕	钷	0	0
qalg	錨	锚	0	17125
qamd	鍈	锳	0	0
qamw	鐄	𨱑	0	0
qant	鉞	钺	0	13332
qany	鋱	铽	0	7978
qawc	鑊	镬	0	18234
qawk	鎝	𨱏	0	0
qawy	鉷	𫟹	0	5961
qay	釴	𬬩	3	0
qayn	鋩	铓	0	0
qbg	鉺	铒	3	0
qbh	釕	钌	3	10284
qblg	錳	锰	0	14495
qbmh	鈯	𨱄	0	0
qbsk	錒	锕	0	17457
qcbk	鐍	𫔎	0	0
qcn	鈀	钯	3	9796
qcyy	釵	钗	0	15452
qdbm	頠	𬱟	0	13939
qdcy	鈸	钹	0	12102
qdeg	銪	铕	0	16142
qdfa	錛	锛	0	0
qdg	鈷	钴	3	14933
qdhd	鍥	锲	0	9347
qdhv	鏏	𬭬	0	0
qdmh	鈽	钸	0	15872
qdnt	鋮	铖	0	8267
qdsk	錡	锜	0	15638
qdtb	𨧜	䦁	0	0
qdui	鐐	镣	0	13146
qduw	鐝	镢	0	0
qdyy	鈦	钛	0	19068
qefc	鍰	锾	0	10284
qefy	鋝	锊	0	0
qeg	鈅	钥	3	0
qegl	鋤	锄	0	13731
qet	釤	钐	3	14452
qeyy	鈒	钑	0	0
qffg	銈	𫓯	0	0
qfg	釷	钍	3	13677
qfh	針	针	3	29837
qfhw	鎮	镇	0	29652
qfiy	銶	𨱇	0	0
qfkk	𨭎	𬭳	0	0
qflg	鐳	镭	0	16648
qftj	鍺	锗	0	17202
qftn	銬	铐	0	17883
qftx	銠	铑	0	8533
qfwt	錂	𨱋	0	0
qfwy	鈇	𫓧	0	12738
qgah	鈃	钘	0	9224
qgaj	鉶	铏	0	0
qgbn	鈍	钝	0	17324
qgcf	銍	铚	0	0
qgef	鎛	镈	0	11203
qgeg	錆	锖	0	0
qgey	鋪	铺	0	26904
qghg	鉦	钲	0	7310
qghn	鈣	钙	0	20151
qgiy	鈈	钚	0	15087
qgkg	鋙	铻	0	0
qgkh	鎘	镉	0	11922
qgki	鋉	𨱈	0	0
qgkw	鏉	𨱒	0	0
qgxg	𨥛	𨱀	0	0
qgyy	鈺	钰	0	18782
qhcy	鈹	铍	0	18409
qhg	鉬	钼	3	14135
qhkg	鉆	钻	0	8780
qhy	釙	钋	3	11203
qieg	銷	销	0	30484
qihc	𨨏	𬭛	0	0
qimy	鎖	锁	0	27997
qipf	鏜	镗	0	0
qipq	鎲	镋	0	0
qiqn	銚	铫	0	10129
qitt	鈔	钞	0	21128
qjfg	鋰	锂	0	19020
qjgf	鍀	锝	0	17439
qjgg	鉭	钽	0	16320
qjh	釗	钊	3	17577
qjhh	鉮	𬬹	0	0
qjjg	錩	锠	0	0
qjlc	鏝	镘	0	0
qjqr	錫	锡	0	25222
qjsy	錁	锞	0	0
qjxx	錕	锟	0	12513
qkeg	鋗	𫓶	0	0
qkgg	鋥	锃	0	0
qkh	釧	钏	3	11316
qkhh	鈡	钟	0	0
qkkg	鋁	铝	0	19991
qkkn	鍔	锷	0	12620
qkmh	銱	铞	0	0
qldg	錮	锢	0	15668
qldy	銦	铟	0	6918
qlfo	𨭆	𬭶	0	0
qlg	鈿	钿	3	12188
qlge	鐶	镮	0	10432
qlh	鉀	钾	3	18601
qlny	鍶	锶	0	13015
qlpy	鏈	链	0	25614
qlqj	鐲	镯	0	12879
qlxi	鏍	镙	0	0
qmcy	鈠	𨱁	0	0
qmee	鏰	镚	0	0
qmg	鈾	铀	3	21088
qmgk	銅	铜	0	26898
qmjh	鍘	铡	0	9616
qmkg	鉛	铅	0	20929
qmu	負	负	3	32233
qmwy	鈉	钠	0	18396
qmy	鋇	钡	3	10840
qmyy	釩	钒	0	9796
qnbm	𨧱	𨱊	0	0
qndg	鋸	锯	0	18806
qnfg	鈕	钮	0	20270
qnfy	𨫒	𨱐	0	0
qng	𨦫	䦀	0	0
qnhg	鎇	镅	0	7525
qnn	釓	钆	3	9010
qnn	釔	钇	3	16245
qnnk	鋦	锔	0	17577
qntt	鉍	铋	0	12590
qnwe	鏐	镠	0	14319
qnxn	鈮	铌	0	16758
qogy	鏷	镤	0	10573
qooy	錟	锬	0	0
qoqh	鏻	𬭸	0	0
qoy	鈥	钬	3	5961
qpdc	鋐	𬭎	0	13209
qpey	鎵	镓	0	9796
qpgh	錠	锭	0	13919
qpvg	銨	铵	0	15728
qpwi	鑔	镲	0	0
qpwk	鎔	镕	0	12102
qpxn	鉈	铊	0	15515
qqcn	銫	铯	0	13271
qqcy	鈎	钩	0	17175
qqeh	𨮂	𨱕	0	0
qqkg	銘	铭	0	24286
qqky	鑱	镵	0	0
qqnn	鉋	铇	0	0
qqrn	鍃	锪	0	0
qqtb	鉚	铆	0	11203
qqug	鈞	钧	0	21384
qqvh	錚	铮	0	15577
qqwy	欽	钦	0	24118
qqyl	鎦	镏	0	6474
qqyy	釣	钓	0	22877
qrcy	鈑	钣	0	8267
qrcy	鈲	𨱃	0	0
qrg	鉑	铂	3	18875
qrgg	鍠	锽	0	7978
qrh	釿	𬬱	3	10432
qriy	銖	铢	0	15577
qrmh	錦	锦	0	26571
qrqw	鍁	锨	0	0
qsfg	𨧀	𬭊	0	0
qsfi	鏢	镖	0	18092
qsgg	鉢	钵	0	14408
qsh	釘	钉	3	21471
qsjh	鐔	镡	0	8533
qskg	鈳	钶	0	10432
qsyy	鉥	𬬸	0	0
qtbi	猻	狲	0	0
qtdg	銛	铦	0	6474
qtdh	鋒	锋	0	26269
qten	銹	锈	0	13677
qtfc	銩	铥	0	14495
qtfh	釺	钎	0	0
qtfk	鋯	锆	0	10129
qtfp	鋌	铤	0	13271
qtfq	銑	铣	0	12102
qtfv	鍤	锸	0	0
qtgf	錘	锤	0	18588
qtgm	獺	獭	0	11086
qths	鎳	镍	0	19704
qtkg	鉻	铬	0	14620
qtmt	䥩	𨱖	0	0
qtmy	狽	狈	0	17106
qtnn	釳	𨰿	0	0
qtol	鐇	𫔍	0	0
qtoy	鍬	锹	0	7978
qtps	獰	狞	0	8533
qtrt	鋨	锇	0	15983
qtyd	獄	狱	0	27694
qudb	錈	锩	0	0
qudk	鐥	䦅	0	0
quep	鐩	𬭼	0	0
qufh	鈄	钭	0	0
quga	鐦	锎	0	0
qugd	鎂	镁	0	16168
qugi	鑭	镧	0	15288
quh	鋅	锌	3	17790
qujg	鐧	锏	0	10965
qujn	鐿	镱	0	15220
qujq	鏡	镜	0	28380
qukg	錇	锫	0	17644
qukq	鋭	锐	0	10284
qumd	鏑	镝	0	15786
qumt	䥕	𬭯	0	0
quoj	鐠	镨	0	0
qupy	鎊	镑	0	21243
quqy	鉸	铰	0	13146
qusf	鐏	𨱔	0	6070
quwl	鎰	镒	0	10709
quxt	銻	锑	0	10129
quxx	鎡	镃	0	0
qvey	銀	银	0	30745
qvfp	鍵	键	0	27445
qvg	釹	钕	3	9967
qvhc	鎪	锼	0	0
qvkg	鉊	𬬿	0	0
qvkg	銣	铷	0	15452
qvlg	錙	锱	0	6474
qvln	鑞	镴	0	0
qvpc	鋟	锓	0	0
qwcn	鎓	𬭩	0	0
qwdc	鍛	锻	0	19823
qwet	鉁	𨱅	0	0
qwgg	銓	铨	0	16603
qwgj	鍮	𨱎	0	0
qwgk	鉿	铪	0	9224
qwgr	鎿	镎	0	9796
qwgu	鐙	镫	0	9010
qwnd	鍭	𬭤	0	0
qwwf	銼	锉	0	9465
qwxn	鈋	𨱂	0	0
qwyc	鈴	铃	0	22239
qwye	鎸	镌	0	0
qwyg	錐	锥	0	19333
qwyn	鈐	钤	0	9616
qwyo	鐎	𨱓	0	0
qxfm	鏆	𨱌	0	0
qxgu	鉧	𬭁	0	0
qxjm	鐨	镄	0	13784
qxkj	鏹	镪	0	7310
qxxr	鍇	锴	0	7978
qyac	鍍	镀	0	17404
qybg	錞	𬭚	0	0
qybt	鐓	镦	0	0
qycq	銃	铳	0	14971
qycq	鋶	锍	0	0
qyey	銥	铱	0	17106
qyey	鎄	锿	0	0
qyiy	鍄	𨱉	0	0
qyke	鑲	镶	0	18770
qymh	鈰	铈	0	10840
qymk	鎬	镐	0	16275
qymn	鈧	钪	0	0
qyn	鈁	钫	3	13509
qynn	䥇	䦂	0	0
qyno	鑣	镳	0	16245
qytd	鏃	镞	0	11316
qyuo	鐮	镰	0	15668
qyvb	鎯	𨱍	0	6474
qyve	鋃	锒	0	10129
qyvh	鏞	镛	0	12273
qyvm	貿	贸	0	28291
qyxy	鉉	铉	0	16762
rdmy	頎	颀	0	12188
rfkm	擷	撷	0	15185
rfwl	攆	撵	0	9426
rgmy	皟	𤾀	0	0
rhal	擄	掳	0	19031
rhan	攄	摅	0	7310
rkmy	損	损	0	30072
rmmv	攖	撄	0	6474
rngg	揯	搄	0	0
rngg	氬	氩	0	11530
rplh	揮	挥	0	28750
rqcl	𩴵	𩴌	0	0
rqmd	換	换	0	30751
rqqw	撳	揿	0	14087
rtfm	攢	攒	0	14135
rutk	擱	搁	0	21112
rxfm	摜	掼	0	0
sbde	橢	椭	0	19383
sdmy	頂	顶	0	29065
sgkm	𨣈	𨡺	0	0
sgye	釀	酿	0	22751
shmy	楨	桢	0	17526
slpy	槤	梿	0	7661
smmv	櫻	樱	0	21169
smu	賈	贾	3	25548
sqsc	樧	榝	0	0
sqve	檭	𣘴	0	0
ssfm	䫴	𩖗	0	0
ssmy	檟	槚	0	0
sukg	𣙎	㭣	0	0
sukk	櫚	榈	0	18538
sxxe	櫞	橼	0	0
syfj	櫧	槠	0	7310
tamu	篢	𬕂	0	0
tfne	𣯶	毶	0	0
tfnf	𣯴	𣭤	0	0
tfnj	氌	氇	0	0
tfpm	頲	颋	0	0
tfqb	酇	酂	0	0
tfqm	贊	赞	0	26168
tgkm	籟	籁	0	13392
tgmu	簀	箦	0	0
tkhm	簣	篑	0	12738
tkhm	𥢢	䅪	0	0
tkmu	篔	筼	0	7310
tmdm	頽	颓	0	0
tqfh	銜	衔	0	23705
tujf	簡	简	0	30290
uakg	閾	阈	0	9616
uawk	𨶀	𨸉	0	0
ubd	聞	闻	3	31160
ubd	𨳕	𨸀	0	0
uciu	㵗	𣳆	0	0
udci	閎	闳	0	12948
udd	閆	闫	3	15354
udjn	閹	阉	0	16010
uepc	閿	阌	0	0
ufcl	闔	阖	0	15872
uffd	閨	闺	0	16692
ufhm	癲	癫	0	18576
ufhw	闐	阗	0	11828
ufk	閈	闬	3	0
ufpu	𨶮	𨸌	0	0
ufte	閉	闭	0	30307
uftj	闍	阇	0	16441
ugcf	𨴗	𨸅	0	0
ugd	閂	闩	3	15321
ugd	閏	闰	3	18409
ugkl	𨵩	𨸆	0	0
ugkm	癩	癞	0	9010
ugli	闌	阑	0	12355
uhdi	闃	阒	0	0
uitd	闊	阔	0	25204
uiy	𡮉	𡭜	0	0
ujd	間	间	3	37773
uji	閩	闽	3	24763
ujjd	閶	阊	0	8533
ujnd	闒	阘	0	0
ujtm	贛	赣	0	20420
ujtn	戇	戆	0	7310
ukd	問	问	3	34765
ukhm	闠	阓	0	0
ukkd	閭	闾	0	15185
ukmi	𤸫	𤶧	0	0
ulge	闤	阛	0	0
ulk	閘	闸	3	23296
ulsi	閫	阃	0	0
ummv	癭	瘿	0	7310
unbt	闞	阚	0	9010
uni	悶	闷	3	21204
uqaj	閽	阍	0	7661
uqmd	瘓	痪	0	19412
uqvd	閻	阎	0	18621
uqvh	䦛	䦶	0	0
uqwm	資	资	0	35718
urmw	𨶏	𨸊	0	0
usfd	闉	𬮱	0	0
usi	閑	闲	3	16906
utem	顔	颜	0	15668
utfn	閐	𨸃	0	0
uths	闑	𫔶	0	0
utkd	閣	阁	0	26942
utmm	㿗	𤻊	0	0
uubw	闕	阙	0	18836
uukq	閲	阅	0	11316
uvei	䦘	𨸄	0	0
uwae	閥	阀	0	20735
uwga	𨷲	𨸎	0	0
uwgd	闋	阕	0	12273
uwgq	𨵸	𨸇	0	0
uwi	閃	闪	3	24926
uwwf	䦟	䦷	0	0
uwyo	𨶲	𨸋	0	0
uyd	誾	訚	3	0
uyi	閔	闵	3	19583
uymv	閌	闶	0	0
uynv	𨳑	𨸁	0	0
uynw	閡	阂	0	15254
uyuh	辯	辩	0	28213
uyv	閍	𨸂	3	0
uyve	閬	阆	0	8780
uywu	閼	阏	0	12013
vkmy	㜏	㛣	0	0
vnuv	鼴	鼹	0	6918
vqmd	𡞵	㛟	0	0
vtkd	羣	群	0	21204
vtkm	頵	𫖳	0	0
vujg	𡢃	㛠	0	0
vusy	嫻	娴	0	19499
wamu	貸	贷	0	27412
wcdm	頌	颂	0	23166
wdmy	㑯	㑔	0	0
wfal	儎	傤	0	0
wfam	僨	偾	0	7310
wgeq	覦	觎	0	14819
wgkm	頜	颌	0	13784
wgmy	債	债	0	25909
whmy	偵	侦	0	25114
whte	脩	修	0	17164
wlh	俥	伡	3	0
wmjh	側	侧	0	27950
wtfm	賃	赁	0	20547
wvdm	頒	颁	0	27366
wvmu	貧	贫	0	25391
wxdm	傾	倾	0	27449
wxmu	貨	货	0	31384
wycm	領	领	0	33842
wyfj	儲	储	0	27587
wynm	貪	贪	0	24515
wynm	頷	颔	0	10129
wyyy	讎	雠	0	12513
xadd	𦃄	𦈗	0	0
xadt	絨	绒	0	18164
xafg	紺	绀	0	12879
xafh	緙	缂	0	0
xag	紅	红	3	31582
xamd	緓	绬	0	0
xann	紲	绁	0	0
xawk	䌋	𦈘	0	0
xbg	䋙	䌺	0	0
xbmh	絀	绌	0	17277
xcbh	紓	纾	0	25341
xccc	綴	缀	0	20258
xckg	紿	绐	0	8533
xcks	𦂅	𦈒	0	0
xdcy	紘	纮	0	13332
xdcy	紱	绂	0	8780
xdff	縟	缛	0	11633
xdfn	絝	绔	0	5961
xdgt	緘	缄	0	13939
xdht	縬	𦈚	0	0
xdjd	緋	绯	0	18078
xdmd	緬	缅	0	24749
xdmy	頃	顷	0	22206
xdsk	綺	绮	0	21059
xdtb	綁	绑	0	24435
xdui	繚	缭	0	13566
xean	䌥	𦈠	0	0
xeeg	綳	绷	0	0
xefc	緩	缓	0	28935
xegg	組	组	0	34880
xepc	綬	绶	0	16417
xevg	綏	绥	0	20104
xeyy	級	级	0	33375
xfcy	紜	纭	0	17164
xfdj	繻	𦈡	0	9967
xfhw	縝	缜	0	12809
xfim	頴	颕	0	14780
xfkg	結	结	0	35189
xfkm	纈	缬	0	7310
xfmf	䋻	䌾	0	0
xfmu	貫	贯	0	25998
xftj	緒	绪	0	27039
xftt	䊷	䌶	0	0
xfwt	綾	绫	0	17859
xfy	紂	纣	3	17164
xgbn	純	纯	0	27305
xgcf	絰	绖	0	7310
xgef	縛	缚	0	20722
xgeg	綪	𬘬	0	0
xgfh	紆	纡	0	11425
xgjq	綆	绠	0	10432
xgki	綀	𦈌	0	0
xgkl	䋹	䌿	0	0
xglg	繮	缰	0	0
xgmy	績	绩	0	28444
xgoj	縉	缙	0	13989
xhit	緲	缈	0	12738
xhjh	綽	绰	0	21359
xidm	潁	颍	0	14319
xieg	綃	绡	0	7978
ximk	緔	绱	0	0
xitt	紗	纱	0	21502
xjbc	繓	𦈛	0	0
xjgh	緹	缇	0	13332
xjhh	紳	绅	0	19665
xjlc	縵	缦	0	9224
xjlg	緼	缊	0	0
xjmu	費	费	0	33546
xjng	䌈	𦈖	0	0
xjxx	緄	绲	0	5961
xkbg	緝	缉	0	23459
xkeg	絹	绢	0	17125
xkh	紃	𬘓	3	0
xkhm	繢	缋	0	0
xkhp	繾	缱	0	0
xkks	繰	缲	0	0
xldy	絪	𬘡	0	7661
xlff	纆	𬙊	0	0
xlg	細	细	3	31106
xlge	䋿	𦈓	0	0
xlge	繯	缳	0	7661
xlny	緦	缌	0	0
xlpy	縺	𦈐	0	0
xlxi	縲	缧	0	6474
xlxk	轡	辔	0	10709
xmeg	縎	𦈔	0	0
xmfk	綢	绸	0	18356
xmg	紬	䌷	3	9010
xmkg	絅	䌹	0	0
xmmv	纓	缨	0	15115
xmwy	納	纳	0	32550
xnaj	緡	缗	0	9616
xnfg	紐	纽	0	32035
xng	䋚	䌻	0	0
xnhh	糾	纠	0	23406
xnku	䌟	𦈞	0	0
xnn	紀	纪	3	32956
xnnw	繏	𦈝	0	0
xnwe	繆	缪	0	19727
xodm	熲	颎	0	6918
xpfi	綜	综	0	27601
xpfq	綄	𬘫	0	0
xpgh	綻	绽	0	16090
xpgw	縯	𬙂	0	9224
xplh	緷	𦈉	0	0
xpnn	綰	绾	0	10965
xpqn	紞	𬘘	0	10573
xpwj	縮	缩	0	28452
xqaj	緍	𦈏	0	7310
xqan	紙	纸	0	28587
xqcn	絶	绝	0	18909
xqdh	絺	𫄨	0	6474
xqjg	絢	绚	0	13451
xqrm	綯	绹	0	9224
xqyy	約	约	0	36598
xrmh	綿	绵	0	21666
xryt	繳	缴	0	24682
xryy	𥿊	𦈈	0	0
xsfg	緸	𦈑	0	0
xsfi	縹	缥	0	8780
xsgg	綇	𦈋	0	0
xshg	緗	缃	0	0
xssi	䌝	𦈟	0	0
xssy	綝	𬘭	0	13509
xtah	絳	绛	0	17067
xtdm	穎	颖	0	23811
xtdp	縫	缝	0	22268
xten	綉	绣	0	7661
xtfg	紝	纴	0	0
xtfh	絎	绗	0	0
xtfm	纘	缵	0	11828
xtfp	綎	𬘩	0	10840
xtgf	綞	缍	0	0
xtgo	纁	𫄸	0	6474
xthk	綹	绺	0	7978
xthp	綖	𫄧	0	9796
xtkg	絡	络	0	29150
xtnn	紇	纥	0	14274
xtuy	終	终	0	32785
xudb	綣	绻	0	0
xudk	繕	缮	0	18192
xuep	繸	䍁	0	0
xufh	絆	绊	0	16822
xujn	繶	𫄷	0	0
xukq	綐	䌼	0	0
xulj	繒	缯	0	12013
xuph	締	缔	0	22825
xuqy	絞	绞	0	18551
xuvo	縑	缣	0	8780
xuwl	縊	缢	0	14274
xuxt	綈	绨	0	0
xviy	緑	绿	0	6474
xvjs	繅	缫	0	0
xvkg	紹	绍	0	27975
xvlg	緇	缁	0	7978
xvyy	紈	纨	0	10432
xvyy	紉	纫	0	9010
xwdc	緞	缎	0	13081
xwgj	緰	𦈕	0	0
xwgk	給	给	0	33658
xwgq	緶	缏	0	0
xwnd	緱	缑	0	9796
xwnp	縋	缒	0	0
xwvn	紛	纷	0	28456
xwwk	綌	绤	0	0
xwyg	維	维	0	33651
xwys	䌖	𦈜	0	0
xxey	緣	缘	0	27457
xxhh	紖	纼	0	0
xxjh	紼	绋	0	0
xxxn	紕	纰	0	0
xybc	縭	缡	0	0
xybg	綧	𬘯	0	0
xycq	統	统	0	35617
xyiy	綡	𫟅	0	0
xyjf	纏	缠	0	22362
xyke	縗	缞	0	0
xyke	纕	𬙋	0	0
xymk	縞	缟	0	9140
xyn	紡	纺	3	20748
xyna	編	编	0	31126
xyxy	絃	弦	0	16199
xyy	紋	纹	3	24432
yaag	試	试	0	33237
yaah	誡	诫	0	19983
yadk	諾	诺	0	30788
yadn	諶	谌	0	6918
yafs	謀	谋	0	28430
yag	訌	讧	3	15044
yagg	誆	诓	0	0
yaht	訝	讶	0	20930
yajd	謨	谟	0	24778
yakg	謹	谨	0	25041
yang	詎	讵	0	0
yans	諜	谍	0	20015
yaqj	譖	谮	0	11633
yauo	讌	䜩	0	9010
yaww	誣	诬	0	19508
yayq	謊	谎	0	21822
ybcy	諏	诹	0	12879
ybmh	詘	诎	0	9616
ycbk	譎	谲	0	14087
yceh	誦	诵	0	21135
yckg	詒	诒	0	12273
yctd	誒	诶	0	0
ydg	詁	诂	3	10573
ydgt	諴	𫍯	0	7310
ydiy	誄	诔	0	9426
ydjd	誹	诽	0	17047
ydnt	誠	诚	0	27526
ydoy	詼	诙	0	12665
yefc	諼	谖	0	0
yegg	詛	诅	0	17914
yerm	謡	谣	0	7978
yeyy	諑	诼	0	0
yffg	詿	诖	0	0
yffy	詩	诗	0	29659
yfh	計	计	3	36380
yfh	訐	讦	3	12355
yfkg	詰	诘	0	15321
yftj	諸	诸	0	29643
yfy	討	讨	3	30423
ygam	贇	赟	0	14135
ygeg	請	请	0	33364
ygfh	訏	𬣙	0	0
yghg	証	证	0	20391
ygjn	譓	𬤝	0	0
ygkg	語	语	0	33967
ygli	諫	谏	0	20870
yguh	評	评	0	32494
yhag	謔	谑	0	15115
yhcy	詖	诐	0	0
yhkg	詀	𧮪	0	0
yhy	訃	讣	3	13622
yieg	誚	诮	0	6474
yjgh	諟	𬤊	0	0
yjgp	𧩙	䜥	0	0
yjjh	劑	剂	0	27791
yjlc	謾	谩	0	14228
yjqn	謁	谒	0	17221
yjsy	課	课	0	31180
ykgd	誤	误	0	29871
ykh	訓	训	3	29207
ykhp	譴	谴	0	24277
ykkn	諤	谔	0	15044
yleg	謂	谓	0	29152
ylge	譞	𫍽	0	9426
ylk	庫	库	3	29503
ylkm	顫	颤	0	17758
ylwt	謖	谡	0	7978
ymcy	設	设	0	35544
ymdm	頏	颃	0	7661
ymfk	調	调	0	34979
ymgk	詷	𫍣	0	0
ymh	訕	讪	3	12355
ymkg	詗	诇	0	0
ymwy	訥	讷	0	17067
ynfh	訊	讯	0	31379
yng	詡	诩	3	13784
yngk	詞	词	0	30790
ynhe	諝	谞	0	0
ynky	贏	赢	0	27586
ynn	記	记	3	33863
yntl	謐	谧	0	15321
yntm	頦	颏	0	0
ynwe	謬	谬	0	19610
ynwy	訣	诀	0	18500
yooy	談	谈	0	30008
yopy	謎	谜	0	20807
ypeg	誼	谊	0	22925
yplh	諢	诨	0	7310
ypta	詫	诧	0	14135
yqay	詆	诋	0	15815
yqbh	訩	讻	0	0
yqdb	詭	诡	0	19197
yqdy	譫	谵	0	10432
yqjg	詢	询	0	28121
yqqw	廞	𫷷	0	0
yqtg	誑	诳	0	9010
yqvg	諂	谄	0	12948
yqvh	諍	诤	0	13888
yrgk	詬	诟	0	16801
yrh	訢	䜣	3	10840
yriy	誅	诛	0	21538
yryy	訴	诉	0	31100
ysfg	諲	𬤇	0	6918
ysh	訂	订	3	29878
ysjh	譚	谭	0	26410
yskg	訶	诃	0	18396
ytdg	話	话	0	33364
yten	誘	诱	0	24568
ytfh	許	许	0	34421
ytfk	誥	诰	0	15815
ytfq	詵	诜	0	8780
ythf	詐	诈	0	25207
ythp	誕	诞	0	26917
ytmf	謝	谢	0	30067
ytnn	訖	讫	0	14780
ytvg	諉	诿	0	13784
ytxu	誨	诲	0	15546
yudh	詳	详	0	27208
yuev	謭	谫	0	0
yugi	斕	斓	0	11828
yugi	讕	谰	0	0
yujg	諳	谙	0	16670
yukq	説	说	0	24512
yumd	謫	谪	0	15044
yuoj	譜	谱	0	25635
yuph	諦	谛	0	18711
yupy	謗	谤	0	18563
yute	諺	谚	0	17027
yuvo	謙	谦	0	24056
yuwl	謚	谥	0	14701
yvey	詪	𬣳	0	0
yvhc	謏	𫍲	0	6474
yvkg	詔	诏	0	23743
yvwm	賡	赓	0	13622
yvwy	諛	谀	0	12809
yvyh	䜀	䜧	0	0
yvyy	訒	讱	0	0
ywcy	訟	讼	0	26105
ywet	診	诊	0	33248
ywgg	詮	诠	0	21029
ywgj	諭	谕	0	20774
ywwg	讖	谶	0	14364
ywxn	訛	讹	0	19780
ywyg	誰	谁	0	25998
ywyn	諗	谂	0	21310
ywyo	譙	谯	0	14408
yxdm	廎	庼	0	0
yxjg	詣	诣	0	18732
yxxr	諧	谐	0	22360
yybg	諄	谆	0	9426
yyiy	諒	谅	0	21238
yyn	訪	访	3	30850
yyna	諞	谝	0	0
yynw	該	该	0	36382
yywf	誶	谇	0	6474
