# code	trad	simp_form	layer	freq
aaal	𦾟	𦶻	0	0
aahl	藍	蓝	0	29244
aajh	剗	刬	0	0
aalf	盞	盏	0	17693
aans	葉	叶	0	29459
aar	戔	戋	3	0
aawo	𪀦	𪉅	0	0
aben	蘟	𦻕	0	0
abgi	蔯	𫈟	0	0
abti	蓀	荪	0	11732
abug	薩	萨	0	29610
abwc	蔭	荫	0	21609
acce	蔘	参	0	12435
adeu	萇	苌	0	15983
adhx	藉此	借此	1	26339
adjn	菴	庵	0	10432
admh	藉由	借由	1	27574
adth	藶	苈	0	0
adwo	䳢	𫛰	0	0
adws	棊	棋	0	9010
adww	莢	荚	0	12188
aept	薆	𫉁	0	0
aeto	蔿	𫇭	0	0
afaf	鞾	𫖇	0	0
afao	韉	鞯	0	0
afcl	蓋	盖	0	29304
affc	蕓	芸	0	0
affp	韃	鞑	0	14495
affq	蕘	荛	0	0
afgg	韁	缰	0	6474
afik	鞝	绱	0	0
afkf	薹	苔	0	9010
afkp	薳	䓕	0	0
afkw	䖅	𫟑	0	0
afnf	薵	䓓	0	0
afso	𪃏	𪉏	0	0
afsp	韆	千	0	13271
aftk	鞽	鞒	0	0
afto	鞦	秋	0	13392
afud	䪊	𫖅	0	0
afup	薘	荙	0	0
afwc	藝	艺	0	31025
afwk	薔	蔷	0	12665
afwo	爇	𦶟	0	7310
agaf	華	华	0	35471
agao	鷨	𪉊	0	0
agjf	蓴	莼	0	6918
agko	虉	𬟁	0	0
aglg	薑	姜	0	18817
agmw	黃	黄	0	32530
agmy	䓣	𬜯	0	0
agva	莖	茎	0	20533
agvl	葝	𫈎	0	0
ahal	蘆	芦	0	20999
ahim	蘋	苹	0	24844
ahne	腎	肾	0	22414
ahnf	堅	坚	0	29959
ahni	緊	紧	0	31394
ahnj	㔋	𪟎	0	0
ahnk	臨	临	0	31356
ahnl	監	监	0	32232
ahnl	鹽	盐	0	25624
ahnm	賢	贤	0	26934
ahnq	覽	览	0	26959
ahnq	鑒	鉴	0	22511
ahnu	竪	竖	0	9967
ahnu	豎	竖	0	21288
ahnw	臥	卧	0	23256
ahqb	莧	苋	0	10432
ahto	鴉	鸦	0	24041
aijr	蕩	荡	0	22605
aill	薀	蕰	0	10840
aiwu	蒞	莅	0	16441
aiwy	匯	汇	0	27459
ajaf	蓽	荜	0	0
ajff	蒔	莳	0	11752
ajmh	躉	趸	0	14579
ajmj	蠆	虿	0	6474
ajml	勱	劢	0	12590
ajmp	邁	迈	0	26471
ajmy	萬	万	0	36111
ajvo	鶠	𬸘	0	0
ajwo	鵲	鹊	0	16511
akfe	艱	艰	0	24815
akfw	歎	叹	0	21232
akfy	難	难	0	33131
akgt	藪	薮	0	12273
akgv	蔞	蒌	0	0
akkb	䕤	𫟕	0	0
akkc	毆	殴	0	21649
akkj	剾	𠛅	0	0
akkk	區	区	0	38162
akkl	勸	劝	0	26019
akkn	甌	瓯	0	17007
akko	鷗	鸥	0	15608
akko	鸛	鹳	0	9224
akkq	觀	观	0	33631
akkr	蘄	蕲	0	11922
akkw	歐	欧	0	31749
akkw	歡	欢	0	29791
alli	虆	蔂	0	0
almu	蕒	荬	0	0
alpq	夢	梦	0	27421
alwl	蒕	蒀	0	0
alwo	鶓	鹋	0	13081
alxy	蘿	萝	0	21554
amae	蕽	𫇽	0	0
amhj	繭	茧	0	15185
amhm	顢	颟	0	0
amnk	萵	莴	0	0
amum	𦱌	𫇪	0	0
amyf	鞏	巩	0	22815
anhf	莊	庄	0	27985
anhf	蔣	蒋	0	27622
anhh	葦	苇	0	17183
ansm	𩔑	𫖷	0	0
apfo	鸏	鹲	0	0
apns	薴	苧	0	0
apsj	苧	苎	0	9616
apwx	藭	䓖	0	0
aqaj	蠶	蚕	0	18135
aqbt	蒭	𫇴	0	0
aqgl	蔔	卜	0	18135
aqkc	驚	惊	0	28538
aqod	蘚	藓	0	16079
aqoj	薊	蓟	0	16270
aqot	蘇	苏	0	31006
aqph	帶	带	0	34112
aqtg	蕕	莸	0	0
arlf	蘀	萚	0	0
arlo	蕪	芜	0	16488
arqc	蒐	搜	0	21100
asww	萊	莱	0	29464
atdg	醫	医	0	35409
atdk	蕎	荞	0	13784
atdo	鷖	鹥	0	0
atln	蔥	葱	0	19710
atwh	蓯	苁	0	0
aued	蘢	茏	0	7978
augi	蘭	兰	0	32893
aujf	蕳	𫈉	0	0
avaf	蕁	荨	0	0
avfj	蕭	萧	0	25756
avhl	藎	荩	0	6474
awga	菕	𰰨	0	0
awgj	薈	荟	0	17693
awgw	薟	莶	0	0
awhs	蓧	𦰏	0	0
awvo	蔦	茑	0	7310
awvo	鳶	鸢	0	14274
awwo	鵐	鹀	0	0
awyk	蒼	苍	0	20533
awyv	舊	旧	0	30162
axgq	䕳	𦰴	0	0
axll	蘊	蕴	0	20588
axqc	蕝	𫈵	0	0
axrs	藥	药	0	31432
axtb	薌	芗	0	9426
axxu	茲	兹	0	27864
ayah	蓆	席	0	13271
ayby	蘺	蓠	0	0
ayfj	藷	𫉄	0	7978
ayjf	薺	荠	0	6474
ayno	薦	荐	0	23346
ayto	蒍	𫇭	0	0
aywu	菸	烟	0	20280
bakk	䧢	𨸟	0	0
bbbf	聶	聂	0	22305
bbbm	顳	颞	0	8267
bbkf	𨼳	𫔽	0	0
bdaf	墮	堕	0	24765
bdap	隨	随	0	33148
bdty	陝	陕	0	21682
bean	隱	隐	0	28184
bfnf	隯	陦	0	0
bfwf	陸	陆	0	31887
bgfn	聽	听	0	30363
bgji	陳	陈	0	32996
bgva	陘	陉	0	11922
bign	巹	卺	0	0
bjgr	陽	阳	0	31957
bkgf	聖	圣	0	32483
bmgu	隑	𬮿	0	5961
bmmv	孾	𪧀	0	0
bmoy	糶	粜	0	0
bny	恥	耻	3	21667
bpns	聹	聍	0	0
btaf	陞	升	0	17883
btln	聰	聪	0	24753
btws	櫱	蘖	0	0
btxi	孫	孙	0	29436
btxn	愻	𢙏	0	0
btxp	遜	逊	0	27774
buaj	職	职	0	33341
bued	隴	陇	0	18135
buef	墜	坠	0	22719
buey	隊	队	0	35111
bvag	隉	陧	0	0
bvhl	孻	𡥧	0	0
bwfi	際	际	0	33057
bwgw	險	险	0	31747
bwyc	陰	阴	0	28877
bxxg	聯	联	0	35403
bxxr	階	阶	0	30212
byaw	𨽏	𨸘	0	0
byjg	隮	𬯀	0	0
caat	𩤊	𩧩	0	0
cagf	驊	骅	0	20151
cakk	驅	驱	0	27174
cbbb	䯀	䯅	0	0
cbtl	務	务	0	35851
cbto	鶩	鹜	0	12013
cbto	鷸	鹬	0	11530
cccd	叄	叁	0	9426
ccce	參	参	0	34437
ccce	驂	骖	0	7310
cccn	毿	毵	0	0
cccq	㓄	𪠟	0	0
cccu	驫	骉	0	0
cccy	𠬙	𪠡	0	0
cctd	騃	𫘤	0	0
cdhd	騞	𬴃	0	0
cdlj	軬	𫐊	0	0
cdqq	騻	𫘭	0	0
cexn	態	态	0	32222
cffq	驍	骁	0	15452
cfh	馯	𫘛	3	0
cgcf	駤	𫘠	0	0
cggy	馬	马	0	35048
cgmx	驪	骊	0	15983
chal	驢	驴	0	17007
chcy	駊	𫘟	0	0
ciqn	駫	𫘡	0	0
cjfh	駻	𫘣	0	0
cjpv	騴	𫘫	0	0
cjxx	騉	𫘥	0	0
ckdm	𩒎	𫖭	0	0
clff	驛	驿	0	18164
clvg	䮫	𩨇	0	0
cmgu	𩥉	𩧱	0	0
cmnk	騧	䯄	0	6474
cmwk	驨	𫘱	0	0
cpqb	𩣵	𩧻	0	0
cqbt	騶	驺	0	11086
crgg	騜	𫘩	0	0
csfj	𩦠	𫠌	0	0
ctbn	駞	𫘞	0	0
ctdk	驕	骄	0	21776
ctjh	𩣫	𩧸	0	0
cued	䮾	𩧪	0	0
culj	驓	𫘯	0	0
cumd	䮰	𫘮	0	0
cvfj	驌	骕	0	9010
cwgw	驗	验	0	31738
cwrd	难捱	难挨	1	0
cwxc	驋	𩧯	0	0
cylg	驙	𫘰	0	0
cynx	騼	𫠋	0	0
dahq	𥗽	𬒗	0	0
dajb	𨞺	𫟫	0	0
dajl	勵	励	0	28105
dajy	厲	厉	0	24558
dakk	奩	奁	0	0
dakk	𥕥	𥐰	0	0
dcce	磣	碜	0	0
dcuq	礮	𪿫	0	7978
dcwo	𩿅	𫠖	0	0
dcy	碼	码	3	30335
dday	礪	砺	0	14661
dddj	飆	飙	0	24050
ddsk	碕	埼	0	6474
ddww	硤	硖	0	15321
dedc	髮	发	0	27032
dede	鬍	胡	0	18613
deem	鬚	须	0	18920
dega	𩭙	𩬣	0	0
delv	𩯁	𫙂	0	0
depm	鬢	鬓	0	13451
dept	憂	忧	0	27272
desc	鬆	松	0	26550
deu	長	长	3	37945
deud	龓	𫜲	0	0
deud	𩰀	𩬤	0	0
dewj	鬠	𫘽	0	0
dewo	鶘	鹕	0	16616
dewo	鶦	𫛷	0	0
dfee	脣	唇	0	12188
dffc	𥖅	𥐯	0	0
dffq	磽	硗	0	0
dfnf	𥖲	𪿞	0	0
dfno	鴮	𫛦	0	0
dfup	䃮	鿎	0	0
dfwl	𥗇	𪿵	0	0
dgjf	磚	砖	0	23054
dgva	硜	硁	0	0
dhdc	艷	艳	0	20398
dhdl	豔	艳	0	18261
dhdu	豐	丰	0	29498
dhim	顣	𫖹	0	0
dhin	慼	戚	0	10965
dhlo	磠	硵	0	0
dhqn	硯	砚	0	16245
dhvb	齧	啮	0	8533
dikv	耬	耧	0	0
dilp	𦔖	𫅼	0	0
dilx	䎱	䎬	0	0
diol	耮	耢	0	0
djec	魘	魇	0	9426
djed	厭	厌	0	23572
djed	靨	靥	0	0
djee	饜	餍	0	8267
djef	壓	压	0	31608
djel	厴	厣	0	0
djeo	黶	黡	0	0
djgr	碭	砀	0	9967
djno	鵪	鹌	0	12355
dkkf	磾	䃅	0	13332
dmae	𨲳	𫔖	0	0
dmgu	磑	硙	0	0
dmjm	靧	𫖃	0	0
dmjo	鴯	鸸	0	13081
dmjq	靦	腼	0	10432
dmtj	碸	砜	0	0
dmum	碙	𥐻	0	5961
dmwe	䪾	𫖬	0	0
dnal	尷	尴	0	18965
dpwy	確	确	0	35093
dqjk	剋	克	0	16079
drim	願	愿	0	30606
driy	硃	朱	0	14452
dssh	礎	础	0	27767
dtdk	礄	硚	0	0
dtth	歷	历	0	32402
dtti	厤	历	0	0
dttj	曆	历	0	25824
dued	龎	厐	0	0
dugt	礒	𥐟	0	0
dujo	鷯	鹩	0	7978
dujp	遼	辽	0	24636
dwgw	礆	硷	0	0
dwvo	鴣	鸪	0	10432
dwwb	郟	郏	0	0
dwwc	㪎	𪯋	0	0
dwwi	夾	夹	0	25381
dwwj	㓨	刾	0	0
dwwm	頰	颊	0	17660
dwwo	鵊	𫛥	0	0
dwyf	奪	夺	0	29044
dwyl	奮	奋	0	25106
dxrs	礫	砾	0	17491
dxth	礙	碍	0	26620
dxxt	磯	矶	0	30111
dyaw	礦	矿	0	25800
eadt	臟	脏	0	24566
eaky	𦣎	𦟗	0	0
ebco	鵩	𫛳	0	8780
ecmn	亂	乱	0	30073
ecmu	辭	辞	0	28033
edey	脹	胀	0	23179
edml	盨	𪾔	0	7310
edww	脥	𣍰	0	0
eeak	貙	䝙	0	0
eeal	貓	猫	0	27068
eekv	貗	𫎌	0	0
eesw	𧳟	𧳕	0	0
eevf	墾	垦	0	22449
eevn	懇	恳	0	19971
eewo	鵬	鹏	0	22248
efam	膹	𪱥	0	0
eftj	豬	猪	0	25932
efts	櫫	橥	0	7310
egjf	膞	䏝	0	0
egji	腖	胨	0	0
egva	脛	胫	0	13989
egwq	𦢈	𣍨	0	0
ehal	臚	胪	0	13209
ehqb	覓	觅	0	20463
ejgr	腸	肠	0	25152
ekgv	膢	𦝼	0	0
elag	膕	腘	0	5961
elwl	膃	腽	0	0
emae	膿	脓	0	15254
emnk	腡	脶	0	0
enwe	膠	胶	0	26724
eool	朥	𦛨	0	6918
epay	臗	𣎑	0	0
epgm	臏	膑	0	12188
epnt	愛	爱	0	32890
eqdy	膽	胆	0	23933
erey	脈	脉	0	26473
ermj	颻	飖	0	0
ermo	鷂	鹞	0	12013
etgf	腫	肿	0	23302
etno	爲	为	0	27703
etwh	豵	𫎆	0	0
eudl	勝	胜	0	31316
eudo	鰧	䲢	0	0
eudy	謄	誊	0	11633
eued	朧	胧	0	13655
euft	𦟼	𫆝	0	0
evaf	𦠅	𫞅	0	0
evhj	爭	争	0	32791
evln	臘	腊	0	25892
evtq	腦	脑	0	29857
ewgj	膾	脍	0	16295
ewgw	臉	脸	0	26907
ewkq	脫	脱	0	28577
ewwb	腳	脚	0	28592
exdo	鷄	鸡	0	9796
exdy	雞	鸡	0	26232
eyjg	臍	脐	0	15900
fakk	塸	𫭟	0	0
fbxg	壣	𪤚	0	0
fcbl	霧	雾	0	24780
fcce	𩅙	𫕨	0	0
fcwo	䲰	𪉂	0	0
fcwo	鳷	𫛛	0	0
fdth	壢	坜	0	18770
fdth	靂	雳	0	16675
fere	霢	霡	0	0
fesy	埰	采	0	0
ffae	壩	坝	0	21260
ffam	墳	坟	0	21230
ffco	霼	𪵣	0	0
ffcp	靆	叇	0	0
ffct	靉	叆	0	5961
ffcu	雲	云	0	30022
fffh	幫	帮	0	30946
fffn	翹	翘	0	20206
fffq	堯	尧	0	21708
ffup	墶	垯	0	0
ffwk	墻	墙	0	15983
fgfg	埡	垭	0	12435
fgji	埬	𪣆	0	0
fhal	壚	垆	0	6918
fhce	䟃	𫎺	0	0
fhdh	䟐	𫎱	0	0
fhie	趙	赵	0	28117
fhjf	趕	赶	0	27473
fhlf	䟆	𫎳	0	0
fhlr	𧽯	𫎸	0	0
fhqt	趨	趋	0	27462
fihk	霑	沾	0	15515
fipl	壋	垱	0	0
fitf	釐	厘	0	21762
fith	犛	牦	0	12435
fitn	氂	牦	0	0
fiyo	𪁖	𪉌	0	0
fjfc	壜	坛	0	0
fjff	塒	埘	0	0
fjgr	場	场	0	37163
fjnb	電	电	0	36553
fjnh	韓	韩	0	30083
fjt	乾	干	3	28749
fjtn	乾	干	0	28749
fjwf	幹	干	0	27332
fjws	榦	干	0	5961
fkep	遠	远	0	32007
fkgv	塿	𪣻	0	0
fkke	喪	丧	0	26761
fkkf	墠	𫮃	0	6377
fkkw	靈	灵	0	29842
fkmu	霣	𫕥	0	0
fkpf	臺	台	0	31415
fkuu	鼕	冬	0	6474
flcx	𡓁	𪤄	0	0
flll	協	协	0	33114
flmq	覿	觌	0	5961
flmu	賣	卖	0	29956
fmgu	塏	垲	0	0
fmnk	堝	埚	0	10573
fnaf	壽	寿	0	26942
fnan	㦞	𪫷	0	0
fnao	燾	焘	0	13509
fnmb	聲	声	0	33093
fnmk	毊	𪵑	0	0
foga	䞓	𫎭	0	0
fool	𡑍	𫭼	0	0
fpbo	鵓	鹁	0	0
fpey	塚	冢	0	19387
fpfg	壺	壶	0	20944
fpgc	殼	壳	0	24427
fpgc	穀	谷	0	22289
fpgc	轂	毂	0	9010
fpgn	愨	悫	0	13677
fpgt	𪍠	𫜕	0	0
fplh	堚	𪣒	0	0
fpmc	殻	壳	0	11752
fpyu	𡓾	𡋀	0	0
fqmv	黿	鼋	0	0
fqyi	朮	术	0	14661
frlo	墲	𪢸	0	0
frqc	塊	块	0	27484
fsho	鸘	鹴	0	0
fsjh	墰	坛	0	0
ftgo	壎	埙	0	6918
fudp	達	达	0	35598
fued	壠	垅	0	14408
fufc	報	报	0	36493
fuff	墊	垫	0	22268
fufi	縶	絷	0	6474
fufj	蟄	蛰	0	14926
fufl	𨎌	𫐋	0	0
fufm	贄	贽	0	11633
fufo	鷙	鸷	0	10709
fufr	摯	挚	0	19359
fufy	執	执	0	32465
fvhl	壗	𡋤	0	0
fvtq	堖	垴	0	0
fwfl	勢	势	0	32712
fwfo	熱	热	0	32266
fwga	埨	𫭢	0	0
fwgj	𡑭	𡋗	0	0
fwhh	鬹	鬶	0	0
fwhq	規	规	0	33760
fwhs	槼	椝	0	0
fwno	塢	坞	0	20484
fwwk	嗇	啬	0	15955
fxyt	𡔖	𡍣	0	0
fxyx	壪	塆	0	0
fyaw	壙	圹	0	7978
fyjf	霽	霁	0	11633
fyle	壞	坏	0	29042
fylg	壇	坛	0	26795
fylt	壈	𡒄	0	0
gahl	璼	𫞨	0	0
gaho	鵡	鹉	0	16393
gamy	璊	𫞩	0	0
gawo	鳽	𫛚	0	5961
gcca	戩	戬	0	9224
gccj	晉	晋	0	28417
gcu	丟	丢	3	24329
gcy	瑪	玛	3	28517
geeh	靜	静	0	27989
geho	鵏	𬷕	0	0
gehq	靚	靓	0	23774
gept	璦	瑷	0	7661
gero	靝	靔	0	0
gewo	鶄	䴖	0	0
gfgd	亞	亚	0	34875
gfgf	堊	垩	0	14135
gfgn	惡	恶	0	29692
gfkw	𤫩	㻏	0	0
gflm	瓄	𪻨	0	0
ghad	瓛	𤩽	0	7978
ghng	亙	亘	0	13081
ghph	璿	璇	0	11732
ghqn	現	现	0	38116
gifc	琺	珐	0	11530
gilf	盃	杯	0	24996
gipl	璫	珰	0	9010
giwj	𠁞	𠀾	0	0
giwo	鴀	𫛜	0	0
gjgr	瑒	玚	0	0
gjhb	鄟	𫑘	0	0
gjhf	專	专	0	33888
gjii	東	东	0	35392
gjio	鶇	鸫	0	7310
gjqg	甦	苏	0	22476
gkgh	羋	芈	0	9796
gkhm	璝	𪻺	0	6918
gkin	𢤿	𪬯	0	0
gkio	鶒	𫛶	0	0
gkmo	鷊	鹝	0	0
gkum	頭	头	0	34069
glge	環	环	0	32544
gliq	𧡴	𫌫	0	0
gmdm	𩔳	𫖴	0	0
gmfk	琱	雕	0	0
gmho	鳾	䴓	0	9796
gmhy	兩	两	0	36981
gmii	棗	枣	0	17944
gmy	珼	𫞥	3	0
gmyo	鸝	鹂	0	5961
gmyx	麗	丽	0	30154
gnhh	瑋	玮	0	18329
gool	𤩂	𫞧	0	0
gpgm	璸	瑸	0	0
gptl	𤪺	㻘	0	0
gqaa	殘	残	0	27048
gqah	殢	𣨼	0	0
gqfm	殰	㱩	0	0
gqgg	殭	僵	0	16492
gqjo	鮤	𫚓	0	0
gqjo	鴷	䴕	0	9426
gqkf	殫	殚	0	10840
gqmt	瓊	琼	0	22906
gqpm	殯	殡	0	20032
gqqc	歿	殁	0	16511
gqrm	瑤	瑶	0	19139
gqto	鰲	鳌	0	14579
gqto	鷔	𪉑	0	0
gqwe	飱	飧	0	0
gqwg	殲	歼	0	21644
gqww	殮	殓	0	15955
gtvh	㻶	𪼋	0	0
gtwh	瑽	𪻐	0	0
gued	瓏	珑	0	15638
gvaf	璕	𬍤	0	0
gvaj	剄	刭	0	0
gval	勁	劲	0	25396
gvam	頸	颈	0	24587
gvap	逕	迳	0	18435
gvaq	巰	巯	0	0
gvgw	璵	玙	0	8533
gwgj	璯	㻅	0	0
gwmf	𨤻	𨤰	0	0
gwmn	𢣭	𢘞	0	0
gwmp	邇	迩	0	14087
gwmq	爾	尔	0	35744
gwmq	覼	𫌨	0	0
gwmy	璽	玺	0	18852
gwwh	𪋿	𫧮	0	0
gwyk	瑲	玱	0	0
gwyp	璡	琎	0	8267
gxfm	瑻	𪻲	0	0
gxrs	瓅	𬍛	0	0
gxxt	璣	玑	0	13271
gyjg	璾	𫞦	0	0
gyto	𪄕	𪉒	0	0
haej	劇	剧	0	32354
haga	戲	戏	0	31766
hagb	齾	𫜰	0	0
hagd	獻	献	0	29156
hahd	矇眬	蒙眬	1	0
hakk	瞘	眍	0	0
hale	膚	肤	0	24658
hall	盧	卢	0	26991
hall	虜	虏	0	21215
halm	顱	颅	0	17805
haln	慮	虑	0	30359
halo	鸕	鸬	0	10840
hamy	瞞	瞒	0	22338
hana	戱	戯	0	0
hang	虛	虚	0	0
hape	矇	蒙	0	12513
hatm	處	处	0	35490
hawn	虧	亏	0	23623
hb	齰	𫜬	4	0
hbaj	齰	𫜬	0	0
hbcn	䶕	𫜨	0	0
hbdk	齮	𬺈	0	10432
hbeg	齟	龃	0	8533
hbgk	齬	龉	0	8533
hbhx	齜	龇	0	0
hbj	齒	齿	3	24302
hbkh	齪	龊	0	7978
hbkn	齶	腭	0	10432
hbnf	齷	龌	0	7978
hbpk	𪙏	𫜯	0	0
hbqk	齣	出	0	19049
hbqn	齙	龅	0	0
hbrh	齗	龂	0	6474
hbrr	齭	𫜭	0	0
hbsh	齼	𬺓	0	0
hbtn	齕	龁	0	7310
hbty	齲	龋	0	10709
hbua	𪘀	𪚏	0	0
hbue	齴	𫜮	0	0
hbuq	齩	𫜪	0	0
hbve	齦	龈	0	17491
hbvk	齠	龆	0	0
hbvq	齯	𫠜	0	0
hbwc	齡	龄	0	28101
hbwj	齘	𬹼	0	0
hbxn	齔	龀	0	0
hcqn	皰	疱	0	13677
hdgj	劌	刿	0	8533
hdgn	翽	翙	0	6918
hdgt	歲	岁	0	33569
hdwo	鶪	䴗	0	0
hdww	䀹	𥅴	0	0
hevh	睜	睁	0	15889
hfuy	𥊝	𥅿	0	0
hggg	鬮	阄	0	11086
hggh	鬥	斗	0	29164
hggh	鬧	闹	0	24608
hggq	鬩	阋	0	11203
hggw	鬨	哄	0	12435
hgwq	𥌃	𥅘	0	0
hhal	矑	𪾦	0	0
hhqn	睍	𪾢	0	0
hidy	𧭹	𫍐	0	0
hiti	縣	县	0	34269
hitn	懸	悬	0	24953
hito	𪃧	𫛹	0	0
hiwo	𪀖	𫛧	0	0
hjwo	鵫	𫛱	0	0
hkgv	瞜	䁖	0	0
hkhq	覘	觇	0	10129
hloa	鹺	鹾	0	0
hlou	鹵	卤	0	19180
hlow	鹼	碱	0	20996
hloy	鹹	咸	0	20265
hlql	𪉸	𫜊	0	0
hlsy	睏	困	0	11790
hnij	矚	瞩	0	19780
hpgf	𧷎	𪠀	0	0
hpgm	矉	𪾸	0	0
hpsh	眝	𪾣	0	0
hqb	見	见	3	34624
hqbd	覎	觃	0	0
hqtt	覹	𫌭	0	0
hsww	睞	睐	0	18248
hued	矓	眬	0	0
hwgw	瞼	睑	0	12948
hwwb	齒	齿	0	24302
hxhf	眥	眦	0	6474
hxqo	鮆	𫚖	0	0
hxrs	䁻	䀥	0	0
hxwo	鴜	𪉈	0	0
iaat	淺	浅	0	24915
iahl	濫	滥	0	24153
iajy	澫	𬇕	0	0
iakk	漚	沤	0	9010
iakw	漢	汉	0	32331
iaky	灘	滩	0	26061
iamn	懣	懑	0	9426
iamy	滿	满	0	32192
iape	濛	蒙	0	17386
iaqh	滯	滞	0	24702
iaqj	潛	潜	0	28088
iaui	灡	㳕	0	0
iavh	瀟	潇	0	14364
iawo	鴻	鸿	0	25311
iawy	滙	汇	0	23910
ibbb	灄	滠	0	0
ibn	氾	泛	3	16758
icce	滲	渗	0	21984
icel	湧	涌	0	24245
iday	濿	𪵱	0	0
idgt	減	减	0	32982
idgt	滅	灭	0	28958
idhi	潔	洁	0	28246
idhl	灩	滟	0	0
idhu	灃	沣	0	10840
idth	瀝	沥	0	18998
idwd	湊	凑	0	21647
idww	浹	浃	0	9426
iefj	瀦	潴	0	6474
ieto	潙	沩	0	0
ievh	淨	净	0	26934
iexo	鸂	㶉	0	0
iffc	澐	沄	0	0
iffq	澆	浇	0	16625
ifjf	溝	沟	0	26942
iflm	瀆	渎	0	19096
ifnf	濤	涛	0	21907
ifup	澾	㳠	0	0
ifwt	淩	凌	0	17047
igeq	㵾	𪷍	0	0
igfh	汙	污	0	20463
ighn	𣽏	𪶮	0	0
igmx	灑	洒	0	20863
igva	涇	泾	0	17421
igvv	淒	凄	0	16464
igxf	溼	湿	0	18770
ihal	瀘	泸	0	14971
ihlo	滷	卤	0	16926
iipo	灙	𣺼	0	0
iito	鯊	鲨	0	21785
ijff	溡	𪶄	0	0
ijgg	淵	渊	0	23129
ijgl	盪	荡	0	22358
ijgo	燙	烫	0	18513
ijgr	湯	汤	0	27204
ijgy	璗	𬍡	0	0
ijxo	濕	湿	0	25445
ijxt	洩	泄	0	22109
ikgv	漊	溇	0	0
ikhh	沖	冲	0	25763
ikqn	況	况	0	33383
ilag	漍	𬇹	0	0
ilcx	𤁣	𣺽	0	0
ilff	澤	泽	0	27620
ilnh	潿	涠	0	0
ilqj	濁	浊	0	20477
ilrb	聻	𫆏	0	0
ilre	𩟗	𫗚	0	0
ilwl	溫	温	0	31569
ilxy	𤄷	𪶒	0	0
imaa	濺	溅	0	17543
imae	濃	浓	0	26491
imgv	澠	渑	0	9616
imnk	渦	涡	0	20640
imnp	濄	㳡	0	0
imtj	渢	沨	0	0
imyy	汎	泛	0	12188
inac	澱	淀	0	19710
inhh	湋	𣲗	0	0
inwy	決	决	0	34311
iogf	濧	㳔	0	0
iooi	瀠	潆	0	0
iool	澇	涝	0	14038
ioos	濚	溁	0	0
iooy	瀅	滢	0	14896
ipgm	濱	滨	0	26184
ipkj	劏	㓥	0	17742
ipkj	嘗	尝	0	26432
ipkl	當	当	0	37981
ipko	黨	党	0	34064
ipns	濘	泞	0	12879
iptl	瀋	沈	0	17313
ipvo	瀉	泻	0	22891
iqcy	沒	没	0	35649
iqoj	瀂	澛	0	0
iqoy	漁	渔	0	25624
iqqb	洶	汹	0	19085
iqwl	盜	盗	0	26177
iqyj	瀏	浏	0	22740
irlo	潕	𣲘	0	0
iryy	泝	溯	0	7310
isww	淶	涞	0	0
itdk	𣾷	㳢	0	0
itfm	灒	𪷽	0	0
itvh	潷	滗	0	0
iued	瀧	泷	0	15815
iuft	𡮣	𡭬	0	0
iuke	滾	滚	0	24153
iuqm	澬	𫞚	0	0
iutg	滻	浐	0	0
iuuw	灍	𫞝	0	0
iuyy	潣	𫞗	0	0
ivaf	潯	浔	0	13392
ivfg	澅	𣶩	0	0
ivfj	潚	㴋	0	0
ivhl	濜	浕	0	0
iweo	鶺	鹡	0	0
iwga	淪	沦	0	21916
iwgj	澮	浍	0	7310
iwhs	滌	涤	0	14971
iwkq	涗	涚	0	0
iwnh	溮	浉	0	0
iwtf	塗	涂	0	24480
iwtt	漵	溆	0	5961
iwxc	潑	泼	0	21492
iwyf	準	准	0	32265
iwyk	滄	沧	0	17526
ixde	漲	涨	0	26250
ixg	澠	渑	3	9616
ixgi	淥	渌	0	6474
ixgq	瀰	弥	0	18302
ixrs	濼	泺	0	10129
ixys	灤	滦	0	10709
ixyt	𤅶	𣷷	0	0
ixyx	灣	湾	0	34665
iyaw	瀇	㲿	0	0
iyby	灕	漓	0	8267
iyfj	㶆	𫞛	0	0
iyiy	涼	凉	0	24334
iyjg	濟	济	0	32947
iync	滬	沪	0	21117
iynd	淚	泪	0	23882
iyto	溈	沩	0	6474
jafk	畢	毕	0	28418
jagf	曄	晔	0	16625
jamy	蟎	螨	0	6918
jaqh	螮	䗖	0	10129
javh	蠨	蟏	0	0
jbkg	蟶	蛏	0	0
jcy	螞	蚂	3	20950
jday	蠣	蛎	0	10709
jdey	䗅	𫊪	0	0
jdfo	鷐	𫜀	0	0
jdwj	𧎈	𧌥	0	0
jdww	蛺	蛱	0	0
jept	曖	暧	0	15515
jffc	曇	昙	0	17677
jffq	曉	晓	0	25352
jffq	蟯	蛲	0	0
jffy	時	时	0	40584
jgho	鶗	𫛸	0	0
jgji	蝀	𬟽	0	11530
jgmv	鼂	鼌	0	0
jgmx	曬	晒	0	20682
jhal	曥	𣆐	0	0
jhal	蠦	𫊮	0	0
jhjr	暢	畅	0	24585
jhqn	晛	𬀪	0	0
jhqn	蜆	蚬	0	14780
jjgr	暘	旸	0	8780
jjjl	蠱	蛊	0	17536
jjju	蟲	虫	0	25953
jjqw	蠍	蝎	0	14780
jkgv	螻	蝼	0	7978
jkkf	蟬	蝉	0	18538
jlag	蟈	蝈	0	0
jleg	蝟	猬	0	9010
jmgg	𣋋	𣈣	0	0
jmgv	蠅	蝇	0	13939
jmho	𪃍	𪉐	0	0
jmnk	蝸	蜗	0	16557
jnhc	蝦	虾	0	22095
jnhh	暐	𬀩	0	12013
jnhh	虯	虬	0	10432
jnij	蠾	𧑏	0	0
joos	蠑	蝾	0	7978
jpgm	蠙	𧏖	0	7310
jpns	䗿	𧉞	0	0
jqwo	鶡	鹖	0	6474
jsq	夥	伙	3	24681
jsqq	夥	伙	0	24681
jtaj	昇	升	0	24096
jtdk	蟜	𫊸	0	13209
jued	曨	昽	0	0
jugt	蟻	蚁	0	21699
jvaf	蟳	𫊻	0	7310
jvln	蠟	蜡	0	20012
jwam	蟘	𫋌	0	0
jwgj	𧒯	𫊹	0	0
jwkq	蛻	蜕	0	17125
jwnh	螄	蛳	0	0
jwvs	蟂	𫋇	0	0
jwyc	𧕟	𧉐	0	0
jxg	蠅	蝇	3	13939
jxjm	曊	𪰶	0	0
jxtb	曏	向	0	0
jxxm	顯	显	0	33195
jxxo	鵾	鹍	0	0
jxxt	蟣	虮	0	0
jyaw	曠	旷	0	19975
jyjg	蠐	蛴	0	0
jype	蠔	蚝	0	16983
kafc	囈	呓	0	7661
kagf	嘩	哗	0	18735
kakk	嘔	呕	0	19942
kakw	嘆	叹	0	22164
kaqt	囌	苏	0	0
kaui	囒	𪢠	0	8533
kauo	嚥	咽	0	13731
kbbb	囁	嗫	0	0
kcy	嗎	吗	3	24082
kdhd	喫	吃	0	15294
kdth	嚦	呖	0	6474
kept	噯	嗳	0	0
keto	噅	𠯠	0	0
kewo	鵑	鹃	0	14135
kffq	嘵	哓	0	6474
kfnb	𡄔	𠴢	0	0
kfoo	嚇	吓	0	25238
kfup	噠	哒	0	11086
kfuy	𠽃	𪠺	0	0
kgbm	噸	吨	0	24390
kgfg	啞	哑	0	18954
kgfn	噁	恶	0	17464
kgkm	𡃤	𪢐	0	0
kgkp	遱	𫐷	0	0
kgkt	數	数	0	37554
kgkv	婁	娄	0	16393
kgmy	啢	唡	0	0
kgnm	號	号	0	34551
kgno	鴞	鸮	0	12355
kgqm	嚽	𪢕	0	0
khaa	踐	践	0	22942
khal	嚧	𠰷	0	0
khay	蹣	蹒	0	7978
khbb	躡	蹑	0	10432
khbh	嚙	啮	0	12355
khcl	踴	踊	0	19085
khdc	𨇞	𨅫	0	0
khde	䠆	𫏃	0	0
khdt	噦	哕	0	0
khdt	𨄣	𨀱	0	0
khff	躊	踌	0	11633
khfp	躂	跶	0	0
khfq	蹺	跷	0	14645
khgm	蹟	迹	0	23380
khgq	躎	䟢	0	0
khjf	蹕	跸	0	11086
khly	𨇽	𫏑	0	0
khnj	䠱	𨅛	0	0
khny	躍	跃	0	26006
khpn	躥	蹿	0	0
khqd	𨇤	𫏨	0	0
khqn	哯	𠯟	0	0
khsp	躚	跹	0	0
khsw	𨂐	𫏌	0	0
khth	蹤	踪	0	27571
khtk	蹻	𫏋	0	9796
khto	鷺	鹭	0	17868
khud	躘	𨀁	0	0
khwc	蹳	𫏆	0	0
khwj	踰	逾	0	12738
khwk	蹌	跄	0	0
khxn	𨈌	𨄄	0	0
khxr	𨇰	𫏞	0	0
khxs	躒	跞	0	0
khxx	𨈊	𨂺	0	0
khyf	躋	跻	0	16947
khyf	躕	蹰	0	0
khyo	跡	迹	0	27041
khyo	蹠	跖	0	11203
khyw	𨇁	𧿈	0	0
kipj	嚐	尝	0	17371
kipl	噹	当	0	11922
kjaf	嗶	哔	0	10284
kjwy	雖	虽	0	32696
kkcu	駡	骂	0	14579
kkdt	嚴	严	0	33078
kkfo	鶚	鹗	0	13784
kkgv	嘍	喽	0	9010
kkhm	嘳	𪡞	0	0
kkja	戰	战	0	35622
kkjb	鄲	郸	0	14319
kkje	囅	冁	0	0
kkjf	單	单	0	34629
kkjo	鷤	𫛴	0	0
kkkf	嘽	啴	0	0
kkld	獸	兽	0	24759
kklv	鼉	鼍	0	5961
klag	嘓	啯	0	6474
klft	𡂡	𪢒	0	0
klgf	囀	啭	0	9426
klh	唓	𪠳	3	0
klmy	嘪	𪡃	0	0
klpy	嗹	𪡏	0	0
klxy	囉	啰	0	19925
kmae	噥	哝	0	0
kmdm	䫟	𫖲	0	0
kmnk	喎	㖞	0	17404
kmty	吶	呐	0	15614
kmwo	鶰	𫛫	0	0
kndu	吳	吴	0	29495
knij	囑	嘱	0	20642
kool	嘮	唠	0	8267
kpfm	㘔	𫬐	0	0
kpns	嚀	咛	0	8780
kpwx	𡃕	𠴛	0	0
kpyu	𡅏	𠲥	0	0
kqjh	別	别	0	34672
kqoj	嚕	噜	0	14971
krlo	嘸	呒	0	13015
kswm	𡃄	𪡺	0	0
kswt	嘜	唛	0	14087
ktan	吒	咤	0	18789
ktdk	嘺	𪡀	0	0
kten	𡅯	𪢖	0	0
ktkf	呂	吕	0	26335
ktvb	㘉	𠰱	0	0
kued	嚨	咙	0	19782
kugi	㘓	𪢌	0	0
kusk	㗿	𪡛	0	0
kvaf	噚	㖊	0	12559
kvfg	㗲	𠵾	0	0
kvfj	嘯	啸	0	20369
kwga	㖮	𪠵	0	0
kwgj	噲	哙	0	9967
kwgw	噞	𪡋	0	0
kwld	嗰	𠮶	0	21117
kwno	嗚	呜	0	15115
kwvo	鳴	鸣	0	24439
kwyk	嗆	呛	0	17243
kwyn	唸	念	0	20104
kxgq	𡄣	𠵸	0	0
kxrs	嚛	𪠸	0	0
kxxi	噝	咝	0	0
kxxt	嘰	叽	0	0
kyjg	嚌	哜	0	0
kywy	囃	𠱞	0	10129
lakg	國	国	0	40921
lawu	異	异	0	30683
lbmi	繫	系	0	26872
lbmr	擊	击	0	33981
lcem	𤳷	𪽝	0	0
lceo	羆	罴	0	10573
lcex	罷	罢	0	26176
lcu	罵	骂	3	24550
ldcy	軷	𫐈	0	0
ldgn	轗	𫐘	0	0
ldhv	轊	𫐕	0	0
ldsk	輢	𫐎	0	0
ldth	轣	𫐆	0	0
lfcl	𨍰	𫐔	0	0
lfhw	䡩	𫟥	0	0
lfke	園	园	0	32915
lfnf	疇	畴	0	22289
lfoj	䵳	𪑅	0	0
lfok	點	点	0	35767
lfom	黷	黩	0	11203
lfox	䵴	𫜙	0	0
lfua	𢍰	𪪴	0	0
lghh	車	车	0	36387
lgjf	團	团	0	33925
lgjf	轉	转	0	33866
lgko	䴉	鹮	0	0
lgkp	還	还	0	35258
lgmy	輛	辆	0	29834
lgva	輕	轻	0	31385
lgvh	𨆪	𫏕	0	0
lhal	轤	轳	0	7661
ljgr	畼	𪽈	0	0
lkcu	駕	驾	0	28600
lkfk	圖	图	0	33190
lkpd	迴	回	0	25567
lkwo	鴐	𫛤	0	0
llle	脅	胁	0	27566
lllf	壘	垒	0	24824
lllg	疊	叠	0	24063
llli	纍	累	0	14780
lllj	轟	轰	0	25002
llll	轠	𫐙	0	0
llwl	轀	辒	0	6474
lmfk	輖	𫐏	0	0
lmh	軕	𫐅	3	0
lmu	買	买	3	31157
lmwy	軜	𫐇	0	0
lnhh	圍	围	0	31778
lnwe	轇	𫐖	0	0
logy	轐	𫐗	0	0
lpnn	輨	𫐑	0	0
lpxn	䡐	𫟤	0	0
lqkq	輓	挽	0	14319
lqyg	輷	𫐒	0	0
lrkh	蹔	𫏐	0	5961
lrrj	㨻	𪮃	0	0
ltdk	轎	轿	0	19736
ltmt	𨌈	𫐍	0	0
luah	軿	𫐌	0	0
lued	𨏠	𨐇	0	0
lvf	婁	娄	3	16393
lwga	圇	囵	0	0
lwga	輪	轮	0	30481
lwvo	鴨	鸭	0	22565
lwwu	眾	众	0	34816
lwyc	軨	𫐉	0	9426
lxrs	轢	轹	0	0
lxwp	邏	逻	0	25799
lxwy	羅	罗	0	33963
lxys	圞	𪢮	0	0
lyby	䍦	䍠	0	0
lyjf	䍤	𫅅	0	0
maat	賤	贱	0	20061
made	農	农	0	30383
madt	贜	赃	0	0
magf	㠏	㟆	0	0
majh	刪	删	0	24282
mak	冊	册	3	27603
makk	嶇	岖	0	17202
maqh	嵽	𫶇	0	0
mcce	嵾	㟥	0	0
mdey	賬	账	0	23144
mdft	𡻕	岁	0	0
mdgt	嵗	岁	0	14408
mdhb	𡿖	𪩛	0	0
mdho	鳳	凤	0	26464
mdnt	贓	赃	0	16697
mdth	㠣	𫵷	0	0
mdwo	鴦	鸯	0	14620
mdww	峽	峡	0	24101
meaa	髒	脏	0	19172
mekv	髏	髅	0	13784
memu	體	体	0	36753
mepm	髕	髌	0	6474
mepy	髖	髋	0	15220
meto	䞈	𧹑	0	0
mevh	崢	峥	0	12513
mewj	䯤	𩩈	0	0
mewo	鶻	鹘	0	13146
meym	骯	肮	0	14562
mffq	嶢	峣	0	0
mfjf	購	购	0	31809
mfke	彫	雕	0	11732
mfkg	𧵳	䞌	0	0
mfko	鵰	雕	0	15452
mfkp	週	周	0	30796
mflm	贖	赎	0	21419
mfnf	嶹	𫝵	0	5961
mftx	䶲	𫜳	0	0
mggb	鄳	𫑡	0	0
mggv	黽	黾	0	8533
mgji	崬	岽	0	0
mgkd	獃	呆	0	0
mgkj	剴	剀	0	0
mgkm	凱	凯	0	28442
mgkm	顗	𫖮	0	15698
mgkn	𦒀	𫅥	0	0
mgkq	覬	觊	0	14579
mgku	豈	岂	0	22325
mhad	巘	𪩘	0	10709
mhde	帳	帐	0	26508
mhff	幬	帱	0	0
mhfm	幩	𪩸	0	0
mhkf	幝	𪩷	0	0
mhlg	幗	帼	0	9224
mhnh	幃	帏	0	9010
mhqn	峴	岘	0	16464
mhuj	幟	帜	0	21364
mjxx	崑	昆	0	19489
mkgv	嶁	嵝	0	0
mkkt	巖	岩	0	18220
mkkt	巗	𪨷	0	0
mlcx	𤳸	𤳄	0	0
mlff	嶧	峄	0	8267
mlnn	𡸗	𪨩	0	0
mlvf	㟺	𪩇	0	0
mmkg	𡹬	𪨹	0	0
mmmd	𧹈	𪥠	0	0
mmmv	巊	𪩎	0	0
mmtj	嵐	岚	0	18817
mmum	崗	岗	0	25678
mmvo	鸚	鹦	0	16714
mnhf	嶈	𡺃	0	0
mnmj	剮	剐	0	6278
mnmk	咼	呙	0	0
mnmp	過	过	0	38415
mool	嶗	崂	0	7661
moos	嶸	嵘	0	12809
mpsh	貯	贮	0	19383
mpws	賝	𫎩	0	0
mqkg	䝭	𫎧	0	0
mqtd	嶽	岳	0	18687
msaa	嶘	𡺄	0	0
msjh	贉	𫎫	0	0
msww	崍	崃	0	0
mtdk	嶠	峤	0	17027
mtjb	𩗓	𫗈	0	0
mtjc	颰	𩙥	0	0
mtjc	颼	飕	0	0
mtjd	颳	刮	0	9796
mtjf	䬞	𩙧	0	0
mtjh	𩗴	𫗉	0	0
mtji	風	风	0	34138
mtji	𩘝	𩙭	0	0
mtjj	䫻	𫗇	0	0
mtjj	䬓	𫗊	0	0
mtjj	颾	𩙫	0	0
mtjj	𩘀	𩙩	0	0
mtjj	𩘹	𩙨	0	0
mtjk	䬘	𩙮	0	0
mtjk	颭	飐	0	0
mtjk	颱	台	0	22223
mtjl	飀	飗	0	0
mtjm	𩘺	𩙬	0	0
mtjn	颮	飑	0	0
mtjn	颸	飔	0	0
mtjo	颷	𩙪	0	0
mtjo	飈	飚	0	13784
mtjr	颺	飏	0	9426
mtjr	𩗀	𩙦	0	0
mtjs	𩙈	𩙰	0	0
mtjt	䫾	𫠈	0	0
mtjt	飋	𫗋	0	0
mtjw	䬝	𩙯	0	0
mtjw	颶	飓	0	18987
mtjy	𩖰	𫠇	0	0
mtyi	內	内	0	37721
mued	贚	𫎦	0	0
mumj	剛	刚	0	29157
mumk	岡	冈	0	25746
musq	䞋	𫎪	0	0
mutg	嵼	𡶴	0	0
mvgw	嶼	屿	0	24868
mvhl	贐	赆	0	0
mwga	崙	仑	0	26782
mwgw	嶮	崄	0	6474
mwgw	𡽗	𡸃	0	0
mwgw	𧸘	𫎨	0	0
mwnh	巋	岿	0	6918
mwwt	𦡝	𫆫	0	0
mwym	嶺	岭	0	25654
mxgq	𡾱	㟜	0	0
mywo	鴅	𫛝	0	7159
nadw	愜	惬	0	13677
nahf	慳	悭	0	19042
nakk	慪	怄	0	0
nape	懞	蒙	0	0
nbbb	懾	慑	0	18675
nbmo	鶌	𫛵	0	0
ncce	慘	惨	0	25550
ndey	悵	怅	0	13939
ndjd	懨	恹	0	0
ndth	𢤩	𪫡	0	0
nfbk	屆	届	0	29679
nffq	憢	𢙒	0	0
nfjj	蝨	虱	0	13836
nfnf	懤	㤽	0	0
nfwk	懎	𢠁	0	0
nghg	恆	恒	0	27151
ngqx	屍	尸	0	26510
ngvv	悽	凄	0	10284
ngwq	𢣚	𢘝	0	0
nhdd	奬	奖	0	16142
nhdd	狀	状	0	33030
nhdd	獎	奖	0	31074
nhde	裝	装	0	32732
nhdf	壯	壮	0	24712
nhdf	將	将	0	38473
nhdg	醬	酱	0	21634
nhdi	漿	浆	0	22193
nhdj	螿	螀	0	5961
nhdk	牆	墙	0	26474
nhds	槳	桨	0	17627
nhds	牀	床	0	23510
nhdv	妝	妆	0	22541
nhhy	懼	惧	0	24589
nhkc	䪗	𩐀	0	0
nhkc	韍	韨	0	0
nhkc	𩎢	𩏾	0	0
nhke	韛	𫖔	0	0
nhkf	韚	𫠅	0	0
nhkf	韝	鞲	0	0
nhkf	韠	𫖒	0	0
nhkf	𩏂	𫖓	0	0
nhkf	𩏪	𩏽	0	0
nhkh	䪘	𩏿	0	0
nhkh	韋	韦	0	27016
nhkl	韞	韫	0	9616
nhkn	𩎖	𫖑	0	0
nhkp	違	违	0	30209
nhku	𩏠	𫖖	0	0
nhkv	韜	韬	0	18261
nhkw	䪏	𩏼	0	0
nhky	韌	韧	0	19238
nhwo	鶥	鹛	0	0
nilj	劚	㔉	0	0
nilj	屬	属	0	33561
nilr	斸	𣃁	0	0
nirp	遲	迟	0	27572
nkgv	屢	屡	0	23826
nkgv	慺	㥪	0	0
nkkf	憚	惮	0	18513
nknd	悞	悮	0	0
nkuo	鷿	𬸯	0	6474
nkuo	鸊	䴙	0	9426
nlff	懌	怿	0	7978
nlmy	𢠼	𢙑	0	0
nlwl	慍	愠	0	7978
nmae	憹	𢙐	0	0
nmgu	愷	恺	0	17726
nnap	選	选	0	36491
noqh	憐	怜	0	20303
npgm	𢣐	𪬚	0	0
nqbt	㥮	㤘	0	0
nrf	習	习	3	31300
nrfq	翫	玩	0	0
nrlo	憮	怃	0	0
nrno	愾	忾	0	7978
nssy	慄	栗	0	18289
ntan	屜	屉	0	12013
ntfg	𦘧	𡳒	0	0
ntfj	𡳳	𡳃	0	0
ntgl	慟	恸	0	13989
ntkv	屨	屦	0	0
nttk	屩	𪨗	0	0
ntwh	㞞	𪨊	0	0
nued	𢤱	𢘙	0	0
nujn	憶	忆	0	26618
nulj	層	层	0	32520
nuth	飛	飞	0	32137
nvfg	㦎	𢛯	0	0
nvtq	惱	恼	0	21814
nweo	鷚	鹨	0	0
nwgj	懀	𢙓	0	0
nwgw	憸	𪫺	0	0
nwkq	悅	悦	0	23074
nwvo	鳲	鸤	0	0
nwwg	懺	忏	0	16464
nwyk	愴	怆	0	7661
nyle	懷	怀	0	30199
nylt	懍	懔	0	6474
oagf	燁	烨	0	14933
oakk	熰	𬉼	0	0
oaky	𤓌	𪹠	0	0
oavf	𤑳	𤎻	0	0
occe	糝	糁	0	0
oday	爄	𤇃	0	0
oday	糲	粝	0	0
oddm	類	类	0	34099
offq	燒	烧	0	29534
ofkw	爧	𫞠	0	0
ofnf	䊭	𥺅	0	0
ogli	煉	炼	0	23332
ogub	鄴	邺	0	19149
oguc	叢	丛	0	22488
oguf	對	对	0	39283
ogun	懟	怼	0	12948
oguq	鑿	凿	0	20676
oguw	業	业	0	37520
ogva	烴	烃	0	14661
ohal	爐	炉	0	24714
ohqo	燦	灿	0	19888
oipl	𥼽	𥹥	0	0
ojaf	熚	𤇹	0	0
ojgf	糧	粮	0	26110
ojgr	煬	炀	0	15955
okgv	熡	𤋏	0	0
okkf	燀	𬊤	0	0
olaw	糞	粪	0	19601
olgf	糰	团	0	12590
olqj	燭	烛	0	20588
olwl	熅	煴	0	5961
omae	燶	㶶	0	10432
omnk	煱	㶽	0	0
onhh	煒	炜	0	18192
onho	𩏷	𫃗	0	0
onij	爥	𪹳	0	0
ooos	爃	𫞡	0	0
oopf	塋	茔	0	6474
oopf	煢	茕	0	0
oopg	醟	蒏	0	0
ooph	犖	荦	0	12013
oopi	滎	荥	0	13081
oopi	縈	萦	0	12948
oopj	螢	萤	0	22112
oopk	營	营	0	33004
oopl	勞	劳	0	29916
oopm	罃	䓨	0	0
oopo	熒	荧	0	17594
oopo	鶯	莺	0	18234
oopq	鎣	蓥	0	9224
oops	榮	荣	0	29500
oopy	瑩	莹	0	20813
oplh	煇	𪸩	0	13146
oqab	鄰	邻	0	27877
oqbt	糉	粽	0	10432
orno	熂	𪸕	0	0
osfg	煙	烟	0	27883
otfm	𤓎	𤎺	0	0
otgo	燻	熏	0	14018
ouaj	熾	炽	0	19727
oued	爖	𤇭	0	0
ougi	爛	烂	0	23077
oujn	𤒻	𪹹	0	0
ovac	燬	毁	0	15007
ovaf	燖	𬊈	0	0
ovhl	燼	烬	0	15668
owfb	𤒎	𤊀	0	0
owga	㷍	𤆢	0	0
owgj	燴	烩	0	9224
owgu	燈	灯	0	27313
owgw	㷿	𤈷	0	0
owno	熓	𤆡	0	0
owyk	熗	炝	0	0
oxrs	爍	烁	0	17790
oxxn	𥽖	𥺇	0	0
oxyt	𤓩	𤊰	0	0
oybt	燉	炖	0	17007
pahy	寬	宽	0	29006
pajh	冪	幂	0	15044
pesu	寀	采	0	6918
pfjo	鶱	𬸣	0	0
pgim	賓	宾	0	28965
pgin	䎙	𫅭	0	0
pgln	憲	宪	0	28670
pgrm	寶	宝	0	30247
pkgv	寠	𪧘	0	0
pktk	宮	宫	0	30552
plpk	運	运	0	34825
pne	甯	宁	3	16758
pnej	甯	宁	0	16758
pnhc	寢	寝	0	20999
pnlo	鸋	𫛢	0	0
pnls	寧	宁	0	28734
pqbo	鵷	鹓	0	0
pqdm	䪴	𫖫	0	0
pqwo	鴆	鸩	0	11530
ptol	審	审	0	30521
puah	𧜵	䙊	0	0
puak	䙔	𫋲	0	0
pual	襤	褴	0	8267
puat	襪	袜	0	20774
puau	𧞫	𫌋	0	0
pubb	襵	𫌇	0	0
pucy	𧜗	䘞	0	0
pued	寵	宠	0	25110
pufq	襓	𫋹	0	0
pugy	補	补	0	30931
puil	襠	裆	0	8267
pujf	裡	里	0	32040
puka	𧟀	𧝧	0	0
pukv	褸	褛	0	14364
pulf	襗	𫋷	0	0
pulx	襬	摆	0	0
punh	褘	袆	0	11316
punj	䙱	𧜭	0	0
putt	複	复	0	28821
puue	襉	裥	0	0
puuq	襯	衬	0	21135
puwc	襏	袯	0	0
puwj	襘	𫋻	0	0
puww	襝	裣	0	0
puxw	𧝞	䘛	0	0
pvqo	寫	写	0	32150
pvwo	鴳	𫛩	0	0
pwfm	竇	窦	0	19212
pwfv	竈	灶	0	10840
pwif	窪	洼	0	17306
pwkv	窶	窭	0	0
pwmk	窩	窝	0	22534
pwrt	竅	窍	0	15254
pwtc	竊	窃	0	25876
pwtx	窮	穷	0	25037
pwuo	窯	窑	0	16464
pwvn	竄	窜	0	19815
pwwo	窵	窎	0	0
pwyo	鶴	鹤	0	23033
pxfm	實	实	0	36159
pycy	禡	祃	0	7978
pyff	禱	祷	0	22073
pygq	禰	祢	0	13271
pygx	𥜰	𫀌	0	0
pyhq	視	视	0	34731
pykf	禪	禅	0	23591
pymg	𥜐	𫀓	0	0
pymk	禍	祸	0	24400
pymu	禮	礼	0	31088
pynh	禕	祎	0	12013
pynt	祕	秘	0	19491
pyxi	祿	禄	0	24044
qaag	鉽	𫟸	0	0
qaat	錢	钱	0	30362
qaet	鏾	𫔌	0	0
qafl	鑉	𫠁	0	0
qagf	鏵	铧	0	8533
qahf	鏗	铿	0	20064
qahl	鑑	鉴	0	25007
qaho	𪀾	𪉋	0	0
qahq	𨰲	𫔃	0	0
qajo	𪂆	𪉎	0	0
qamh	鉔	𫓬	0	0
qang	鉅	巨	0	20863
qat	鈛	𫓨	3	0
qayo	鴟	鸱	0	11425
qbbb	鑷	镊	0	8322
qbg	釨	𫓦	3	0
qbqb	兇	凶	0	23979
qbtb	鄒	邹	0	20806
qbtc	皺	皱	0	17805
qbtt	芻	刍	0	14701
qbty	雛	雏	0	18847
qbwo	鴛	鸳	0	14452
qcbs	鍒	𫔄	0	0
qceo	𨮳	𫔒	0	0
qcqn	鈗	𫟵	0	0
qcrh	鉾	𫓴	0	6474
qcy	鎷	𨰾	3	0
qdaj	䥄	𫠀	0	0
qday	𨯅	䥿	0	0
qdbt	敎	教	0	14135
qdey	鋹	𬬮	0	7661
qdfe	鋠	𫓵	0	0
qdfi	錼	镎	0	12738
qdgt	銊	𫓰	0	0
qdgt	鍼	针	0	11086
qdht	鏚	𬭭	0	0
qdww	鋏	铗	0	0
qego	𪆷	𫛾	0	0
qekf	觶	觯	0	0
qelj	觸	触	0	30476
qept	鑀	𰾭	0	16090
qetk	䚩	𫌯	0	0
qfag	鐵	铁	0	32101
qfam	鐼	𫔁	0	0
qfd	勻	匀	3	20540
qffq	鐃	铙	0	7310
qffw	䥗	𫔋	0	0
qfkc	𨭸	𫔐	0	0
qfnf	鑄	铸	0	21679
qfpi	鎍	𫔅	0	0
qfup	鐽	𫟼	0	12102
qfwy	𨯟	𫔓	0	0
qgey	錶	表	0	21889
qgfg	錏	铔	0	0
qgli	鍊	炼	0	21721
qgot	錽	𫓸	0	0
qhal	鐪	𫓺	0	0
qhal	鑪	𬬻	0	14182
qhhc	钁	镢	0	0
qifc	鍅	钫	0	7978
qijr	鐋	铴	0	0
qipl	鐺	铛	0	12590
qipo	钂	镋	0	0
qjgh	鍉	𫔂	0	0
qjgr	鍚	钖	0	14274
qkg	釦	扣	3	11633
qkgv	鏤	镂	0	13209
qkwo	鴝	鸲	0	6474
qlcx	䥯	𫔆	0	0
qlff	鐸	铎	0	20355
qlxy	鑼	锣	0	23673
qmdy	鉠	𫓭	0	0
qmfr	觴	觞	0	14819
qmgu	鎧	铠	0	15546
qmmg	銏	𫟶	0	0
qmmv	𨰃	𫔉	0	0
qmnk	鍋	锅	0	23831
qmum	鋼	钢	0	26255
qmwd	奐	奂	0	13081
qmwk	鑴	𫔔	0	0
qnbb	𨬖	𫔏	0	0
qnhf	鏘	锵	0	12435
qnn	釲	𫟳	3	0
qoac	鱯	鳠	0	0
qoaf	魽	𫠐	0	0
qoaf	鰹	鲣	0	7661
qoaf	𩻮	𫚘	0	0
qoag	魟	𫚉	0	12171
qoal	鰳	鳓	0	0
qoas	鰈	鲽	0	8154
qoav	鰋	𫚢	0	0
qoaw	鯕	鲯	0	0
qobc	鯫	鲰	0	0
qobn	鮿	𫚚	0	0
qoce	鯒	鲬	0	0
qoce	鰺	鲹	0	0
qocj	鰠	鳋	0	0
qock	鮐	鲐	0	0
qock	鱊	𫚪	0	0
qocn	䰾	鲃	0	0
qodc	鮁	鲅	0	0
qodd	鯡	鲱	0	9224
qode	鮪	鲔	0	14087
qodj	鮞	鲕	0	0
qodj	鰆	䲠	0	0
qodm	𨰥	𫔕	0	0
qodn	魷	鱿	0	14537
qodn	鱤	鳡	0	0
qodt	𩽇	𩾎	0	0
qodw	鱖	鳜	0	0
qoem	鰩	鳐	0	10432
qoey	魥	𩽹	0	0
qofe	𩻬	𫚩	0	0
qoff	䲖	𩾂	0	0
qoff	鮭	鲑	0	14579
qofj	鰭	鳍	0	18679
qofk	鮚	鲒	0	0
qofk	鱚	𬶮	0	0
qofm	鱝	鲼	0	8267
qofn	鮳	鲓	0	0
qofq	䲅	𫚜	0	0
qoft	鯪	鲮	0	8267
qofv	鱈	鳕	0	10065
qofw	𩵩	𩽺	0	0
qofy	鯄	𩾁	0	0
qoge	鯖	鲭	0	0
qogf	鱄	𫚋	0	0
qogh	鮃	鲆	0	0
qogi	鰊	𬶠	0	0
qogj	鯻	𬶟	0	0
qogj	鰽	𫚧	0	0
qogk	鱷	鳄	0	17742
qogl	鰏	鲾	0	0
qogn	魨	鲀	0	6278
qogq	鯁	鲠	0	8154
qogw	𩶁	𫚎	0	0
qogx	鱺	鲡	0	0
qogy	鯆	𫚙	0	0
qohc	䱙	𩾈	0	0
qohc	鮍	鲏	0	0
qohk	鮎	鲇	0	13741
qohl	鱸	鲈	0	9010
qohm	鯱	𩾇	0	10965
qoij	鱨	鲿	0	0
qoiq	鮡	𬶐	0	0
qoit	魦	𫚌	0	0
qoix	𩸦	𩾆	0	0
qojc	鰻	鳗	0	12738
qojf	魯	鲁	0	30089
qojf	鯉	鲤	0	19412
qojf	鰣	鲥	0	0
qojh	鯷	鳀	0	0
qojj	鯧	鲳	0	0
qojl	鰛	鳁	0	0
qojn	鰨	鳎	0	0
qojr	鰑	𫚊	0	0
qojs	𩸄	𫚝	0	0
qojx	鯤	鲲	0	16464
qokn	鰐	鳄	0	0
qoks	鱢	𫚫	0	0
qold	鯝	鲴	0	0
qole	鰃	鳂	0	0
qoli	鰥	鳏	0	12102
qolk	鮰	𫚔	0	0
qoll	鰮	鳁	0	0
qoln	鰓	鳃	0	14537
qolp	鰱	鲢	0	7310
qomd	䱀	𫚐	0	0
qomg	鮋	鲉	0	0
qomj	鰂	鲗	0	17577
qomk	鮦	鲖	0	0
qomk	鯛	鲷	0	8780
qomu	鱧	鳢	0	0
qonc	鰕	𫚥	0	0
qone	䱬	𩾊	0	0
qonf	䲁	鳚	0	0
qonf	鱂	鳉	0	13784
qonj	鯴	鲺	0	0
qonn	魢	鱾	0	0
qonp	𩷰	𩾄	0	0
qonr	鰼	鳛	0	7661
qont	鮅	𫚑	0	0
qooh	鱗	鳞	0	18422
qool	鐒	铹	0	0
qopa	𩶱	𩽽	0	0
qope	𩼶	𫚬	0	0
qopk	鰫	𫚦	0	0
qopl	鯶	𩽼	0	0
qopq	鯇	鲩	0	11316
qopv	鮟	𩽾	0	0
qopx	鮀	𬶍	0	0
qoqb	鮠	𬶏	0	0
qoqb	鮣	䲟	0	0
qoqk	鮈	𬶋	0	0
qoqn	鮑	鲍	0	23497
qoqq	鮸	𩾃	0	5961
qoqq	𩶰	𩽿	0	0
qoqw	𨨢	𫓿	0	0
qoqy	𩸃	𩾅	0	0
qorg	鮊	鲌	0	0
qorg	鰉	鳇	0	0
qori	鰁	鳈	0	0
qork	鮜	鲘	0	0
qosg	䱁	𫚏	0	0
qosi	鰾	鳔	0	5961
qosk	魺	鲄	0	0
qosy	𩵦	𫠏	0	0
qotf	䱰	𩾋	0	0
qotf	鮓	鲊	0	0
qoti	鯀	鲧	0	12513
qotn	䲘	鳤	0	0
qoto	鰍	鳅	0	7310
qott	鰒	鳆	0	0
qoty	穌	稣	0	23684
qou	魚	鱼	3	29736
qoub	䱧	𫚠	0	0
qoub	𩻗	𫚨	0	0
qoud	鮮	鲜	0	28805
qouf	鱒	鳟	0	7525
qoug	鰌	䲡	0	0
qoug	𩶘	䲞	0	0
qouj	鱆	𫠒	0	0
qouk	鱔	鳝	0	13146
qouo	鰜	鳒	0	0
qouq	鮫	鲛	0	15037
qouq	鮵	𫚛	0	0
qoux	鰦	𫚤	0	0
qouy	鰟	鳑	0	0
qovb	鯽	鲫	0	6474
qovc	䱸	𫠑	0	0
qovf	鱘	鲟	0	9426
qovh	鯞	𫚡	0	0
qovk	鮶	鲪	0	0
qovl	鯔	鲻	0	0
qovn	魛	鱽	0	0
qovn	鱲	𫚭	0	14741
qovq	鯢	鲵	0	5961
qovw	鱮	𫚈	0	0
qowf	鮒	鲋	0	8780
qowh	鰤	𫚕	0	0
qowi	鰶	𬶭	0	0
qowj	鱠	鲙	0	7310
qowk	䱽	䲝	0	0
qowk	鮯	𫚗	0	0
qown	鯰	鲶	0	8267
qowq	鯾	𫚣	0	0
qowq	𩵹	𩽻	0	0
qows	鰷	鲦	0	0
qowv	魵	𫚍	0	0
qoxj	鮄	𫚒	0	0
qoya	鯿	鳊	0	0
qoyf	鱭	鲚	0	0
qoyg	鱣	鳣	0	0
qoyh	鱅	鳙	0	0
qoyi	鯨	鲸	0	22940
qoyi	鱇	𩾌	0	0
qoyn	魴	鲂	0	9426
qpfi	錝	𫓽	0	0
qpgm	鑌	镔	0	10432
qpvo	䥱	䥾	0	0
qpwj	鏥	𫔊	0	0
qpwn	鑹	镩	0	0
qpyu	𨰋	𫓳	0	0
qqbt	𨪕	𫓮	0	0
qqdm	䫂	𫖰	0	0
qqjg	銁	𫓲	0	0
qqkg	鉤	钩	0	20325
qqoj	鑥	镥	0	14896
qqqk	夠	够	0	31407
qqsc	鎩	铩	0	8780
qrmp	遙	遥	0	24859
qrrm	鑕	锧	0	0
qrwj	𣍐	𫧃	0	0
qskk	鎶	鿔	0	13566
qsmc	殺	杀	0	32065
qswq	䥑	鿏	0	10129
qsww	錸	铼	0	16417
qsya	弒	弑	0	17611
qsyj	剎	刹	0	18723
qsyo	𥻦	𫂿	0	0
qtaa	㹽	𫞣	0	0
qtac	獲	获	0	34806
qtan	𤢻	𢢐	0	0
qtcy	獁	犸	0	0
qtdk	鐈	𫓱	0	0
qtdw	狹	狭	0	23391
qteh	猙	狰	0	8533
qtfm	鑽	钻	0	24542
qtfx	𨧰	𫟽	0	0
qtgf	鍾	钟	0	25576
qtgg	𨩰	𫟾	0	0
qtgo	鵟	𫛭	0	6474
qtgq	獮	狝	0	0
qtht	獩	𤞃	0	0
qtkg	𨨛	𫓼	0	0
qtkt	玁	𤞤	0	9224
qtlf	𤢟	𤝢	0	0
qtlj	獨	独	0	32104
qtlv	㺏	𤠋	0	0
qtlx	鎞	𫔇	0	0
qtly	玀	猡	0	0
qtme	㺜	𪺻	0	0
qtpm	獱	㺍	0	0
qtqt	𤠮	𪺸	0	0
qtug	猶	犹	0	26833
qtvn	獵	猎	0	26046
qtwh	獅	狮	0	25878
qtwh	鏦	𫓩	0	0
qtwj	獪	狯	0	8267
qtwk	獊	𪺷	0	0
qtww	獫	猃	0	6918
qtxq	獼	猕	0	11732
qtxu	鋂	𰾄	0	17709
qtyg	釒	钅	0	0
qtyo	鸑	𬸚	0	0
qtyw	獷	犷	0	11316
qube	鎙	𫔈	0	0
quda	鎈	𫟿	0	0
qug	鉝	𫟷	3	11530
qug	鍆	钔	3	12809
qujf	鐘	钟	0	29322
qutg	鏟	铲	0	18329
quvo	鎌	镰	0	15321
quxn	鉳	锫	0	0
qvfj	鏽	锈	0	16621
qviy	録	录	0	15044
qvn	釚	𫟲	3	0
qvwo	鵮	鹐	0	0
qwcy	鈆	𫓪	0	0
qwga	錀	𬬭	0	10709
qwga	鑰	钥	0	20456
qwgn	𨥟	𫓫	0	0
qwkq	銳	锐	0	23563
qwno	鎢	钨	0	14087
qwnp	鎚	锤	0	17790
qwvn	鈖	𫟴	0	0
qwxc	鏺	䥽	0	0
qwy	釟	𫓥	3	0
qwym	鐫	镌	0	15185
qwyn	錜	𫓻	0	0
qxgi	錄	录	0	32747
qxhw	鎭	镇	0	10432
qxrs	鑠	铄	0	11530
qyce	錥	𫓾	0	0
qylg	𨭖	𫔑	0	0
qynw	䤤	𫟺	0	0
qyth	銂	𫟻	0	0
qyth	鏇	旋	0	12355
qyvj	劉	刘	0	30664
qyvo	鶹	鹠	0	0
rahl	㩜	㨫	0	0
rahq	攬	揽	0	22751
raiy	擓	㧟	0	0
rakk	摳	抠	0	0
raky	攤	摊	0	23630
rbbb	攝	摄	0	29883
rbkg	𢶫	𢫞	0	0
rcce	摻	掺	0	17660
rcye	𤬅	𪼴	0	0
rdet	擾	扰	0	27118
rdff	捱	挨	0	21063
rdjd	擫	𢬍	0	0
rdnl	拋	抛	0	23610
rdww	挾	挟	0	20012
rehq	覛	𫌪	0	0
resy	採	采	0	32567
reto	撝	㧑	0	8533
revh	掙	挣	0	20512
rffh	掛	挂	0	27071
rffq	撓	挠	0	18898
rfj	皁	皂	3	7978
rfnf	㿧	𤽯	0	0
rfnf	擣	捣	0	7310
rfup	撻	挞	0	17067
rgfg	掗	挜	0	0
rgjf	摶	抟	0	13271
rgkm	攋	𪮶	0	0
rgli	揀	拣	0	22272
rgmm	𩓥	𫖵	0	0
rgmy	掚	𪭵	0	0
rgwq	擟	𪭧	0	0
rhad	㩵	擜	0	0
rhae	據	据	0	35428
rhao	鷉	䴘	0	9796
rhap	遞	递	0	26889
riit	挱	挲	0	0
ripl	擋	挡	0	24684
ript	撐	撑	0	24370
rjgr	揚	扬	0	28326
rkgt	擻	擞	0	6474
rkgv	摟	搂	0	11086
rkkf	撣	掸	0	12435
rlag	摑	掴	0	16779
rlcx	擺	摆	0	27428
rlff	擇	择	0	29656
rlgo	無	无	0	37006
rlwl	搵	揾	0	22853
rmgu	皚	皑	0	10840
rmhe	製	制	0	32796
rmjc	罎	坛	0	0
rmnp	撾	挝	0	12188
rmsg	缽	钵	0	16090
rmsj	罈	坛	0	11425
rmum	掆	㧏	0	0
rmwk	攜	携	0	25608
rnd	戶	户	3	32669
rnga	氫	氢	0	23654
rngi	氭	𣱝	0	0
rnhh	𢯷	𪭝	0	0
rnll	氳	氲	0	0
rnou	氣	气	0	34377
rnrg	摺	折	0	21000
rogf	𢷮	𢫊	0	0
rogy	撲	扑	0	24506
rool	撈	捞	0	21346
rpgm	擯	摈	0	9616
rpns	擰	拧	0	15900
rpwn	攛	撺	0	0
rpyu	𢹿	𢬦	0	0
rqce	𩳤	𩲒	0	0
rqcy	魎	魉	0	10432
rqdy	擔	担	0	32499
rqky	攙	搀	0	12513
rqoj	擼	撸	0	0
rqrm	搖	摇	0	25067
rqsc	摋	𢫬	0	0
rrlo	撫	抚	0	24535
rrmb	𨟊	𫟬	0	0
rrmu	質	质	0	33375
rtdk	撟	挢	0	0
rtfo	鵯	鹎	0	6474
rtwh	摐	𪭢	0	0
rudb	捲	卷	0	24351
rued	攏	拢	0	18965
rueg	撊	𪭾	0	0
rug	捫	扪	3	11381
rugi	攔	拦	0	22394
rusb	擲	掷	0	23541
rvaf	撏	挦	0	0
rvfj	㩋	𪮋	0	0
rvph	掃	扫	0	25718
rvqq	攪	搅	0	19489
rwfk	捨	舍	0	23005
rwga	掄	抡	0	7978
rwgj	𢶒	𪭯	0	0
rwgw	撿	捡	0	18766
rwkq	挩	捝	0	0
rwvm	搗	捣	0	20642
rwxc	撥	拨	0	26841
rwyc	㩳	㧐	0	0
rwyk	搶	抢	0	28227
rxaq	旣	既	0	12590
rxbh	卽	即	0	13731
rxqc	撧	𪮖	0	0
rxrs	擽	㧰	0	0
rxth	擬	拟	0	27629
rxyj	𢺳	𪮳	0	0
ryaw	擴	扩	0	30611
ryjg	擠	挤	0	24638
rywo	𩿪	𪉄	0	0
ryxy	擁	拥	0	30927
saal	𣠩	𣞎	0	0
saat	棧	栈	0	17852
sagf	樺	桦	0	18356
sagw	橫	横	0	27497
sahf	樫	㭴	0	11133
sahl	檻	槛	0	21742
sahq	欖	榄	0	21152
sakk	樞	枢	0	23632
sakm	櫃	柜	0	25967
saky	㰙	𣗙	0	0
saky	權	权	0	34703
samy	槓	杠	0	17202
samy	樠	𣗊	0	0
sawv	欍	𣐤	0	0
sbbb	欇	𪳍	0	0
sbkg	極	极	0	32738
sbkg	檉	柽	0	0
scce	槮	椮	0	0
scy	榪	杩	3	0
sdey	棖	枨	0	0
sdnp	遷	迁	0	28410
sdth	櫪	枥	0	6474
sdwv	樁	桩	0	19832
sdww	梜	𬂩	0	0
segf	査	查	0	18626
sept	𣜬	𪳗	0	0
sffq	橈	桡	0	12590
sfii	隸	隶	0	24790
sfij	飄	飘	0	21471
sfiq	𧢄	𫌬	0	0
sfjf	構	构	0	32678
sfkf	樹	树	0	29470
sfkf	檯	台	0	18356
sfkw	欞	棂	0	10284
sflm	櫝	椟	0	0
sfnf	檮	梼	0	7978
sfwk	檣	樯	0	9426
sgdn	醃	腌	0	17047
sgfg	椏	桠	0	8780
sggx	釃	酾	0	6474
sgjf	槫	𣏢	0	0
sgji	棟	栋	0	25192
sgjl	醖	酝	0	0
sgkf	𨢿	𨡙	0	0
sgkt	釅	酽	0	0
sgll	醞	酝	0	17560
sgme	醲	𬪩	0	0
sgmx	欐	𪲔	0	0
sgrc	醜	丑	0	22772
sgut	𨣞	𨟳	0	0
sgva	桱	𣐕	0	0
sgvv	棲	栖	0	22789
sgwc	醱	酦	0	9616
sgww	醶	𫑷	0	0
sgyf	𨣧	𨠨	0	0
sgyk	醣	糖	0	19811
shal	櫨	栌	0	6474
shqn	梘	枧	0	12665
sipl	檔	档	0	28008
sipo	欓	𣗋	0	0
sivs	樑	梁	0	22246
sjfh	桿	杆	0	25180
sjgr	楊	杨	0	29708
sjwo	鷣	𫜃	0	0
skgv	樓	楼	0	32550
skkf	樿	椫	0	0
skln	柺	拐	0	9140
skvn	枴	拐	0	0
slag	槶	椢	0	0
slcx	𣞻	𣘓	0	0
slwl	榲	榅	0	0
slxy	欏	椤	0	0
smah	柵	栅	0	18817
smgu	榿	桤	0	0
smnk	楇	𣒌	0	7310
smtj	楓	枫	0	18987
smum	棡	㭎	0	6918
smy	梖	𪱷	3	0
snhh	椲	㭏	0	0
snij	欘	𣚚	0	0
snwo	𩿤	𫛠	0	0
snxi	紮	扎	0	21800
sogy	樸	朴	0	21487
sool	橯	𣓿	0	0
spgm	檳	槟	0	18302
spns	檸	柠	0	18121
spyu	𣠲	𣑶	0	0
sqoj	櫓	橹	0	14087
sqqd	礬	矾	0	13677
sqqm	䫶	𫖺	0	0
srgc	梔	栀	0	0
srme	鬱	郁	0	22747
srrm	櫍	𬃊	0	0
sryt	覈	核	0	11316
ssfi	標	标	0	33171
sswo	鷅	𫛽	0	0
ssww	棶	梾	0	10223
staa	𣝕	𣘷	0	0
stdk	橋	桥	0	29252
stfm	欑	𪴙	0	0
stvb	櫛	栉	0	9426
stwh	樅	枞	0	5961
sued	櫳	栊	0	15080
sugi	樣	样	0	34005
sugi	欄	栏	0	24794
susq	櫬	榇	0	8533
svaf	樳	桪	0	0
svgh	櫸	榉	0	11633
svgr	欅	榉	0	0
swgj	檜	桧	0	17240
swgw	檢	检	0	34465
swhs	樤	𣔌	0	0
swkq	梲	棁	0	0
swvo	樢	㭤	0	0
swwa	䴬	𪎈	0	0
swwa	麯	曲	0	0
swwc	麬	𤿲	0	0
swwd	猌	𪺽	0	0
swwd	麵	面	0	25614
swwe	𪌭	𫜓	0	0
swwf	䴽	𫜔	0	0
swwi	來	来	0	38765
swwk	䴴	𪎋	0	0
swwl	勑	𠡠	0	7978
swwm	賚	赉	0	13677
swwm	顂	𩓋	0	0
swwn	憖	慭	0	0
swwn	麪	面	0	6474
swwn	麫	面	0	0
swwo	麴	曲	0	15889
swwq	麲	𪎉	0	0
swwt	麥	麦	0	29661
swwt	麨	𪎊	0	0
swwu	麷	𫜑	0	0
swww	㯤	𣘐	0	0
swww	麩	麸	0	8267
swww	麳	𪎌	0	0
swwx	䴱	𫜒	0	0
swyk	槍	枪	0	30872
sxrs	櫟	栎	0	12013
sxxn	檵	𪲛	0	0
sxxt	機	机	0	37164
sybb	槨	椁	0	12590
syff	櫥	橱	0	17421
syjg	櫅	𪲎	0	0
sylt	檁	檩	0	0
sywc	櫠	𪲮	0	0
taal	𥵃	𥱔	0	0
taar	箋	笺	0	16534
tadw	篋	箧	0	14537
tahl	籃	篮	0	25545
tams	築	筑	0	29427
tawc	穫	获	0	18158
tcce	穇	䅟	0	0
tcce	篸	𥮾	0	0
tcu	篤	笃	3	20676
tdas	榘	矩	0	16979
tdeh	衚	胡	0	12355
tdgg	𥏝	𪿊	0	0
tdgm	𦧺	𫇘	0	0
tdkk	喬	乔	0	27503
tdkl	䀉	𥁢	0	0
tdkm	𠿕	𪜎	0	0
tdtk	矯	矫	0	20391
tdwo	鴰	鸹	0	0
tdww	筴	䇲	0	9347
tdww	𥞵	𥞦	0	0
teal	艦	舰	0	29675
tean	穩	稳	0	30199
tehl	艣	𫇛	0	0
tehl	艫	舻	0	9010
temf	稱	称	0	36373
teml	盤	盘	0	29006
tept	𥴨	𫂖	0	0
teud	𦪽	𦨩	0	0
teut	艤	舣	0	7310
tevh	箏	筝	0	15728
tewk	艙	舱	0	24987
tewn	𦪙	䑽	0	0
tewo	鵃	鸼	0	0
tffc	䉙	𥬀	0	0
tfho	鴴	鸻	0	11086
tfko	鵠	鹄	0	11732
tfnf	籌	筹	0	27984
tfny	𣯩	𣯣	0	0
tfwk	穡	穑	0	8267
tfwt	稜	棱	0	19228
tgab	郵	邮	0	29734
tgfg	稏	䅉	0	0
tgjl	動	动	0	37840
tgll	勳	勋	0	24058
tgmy	積	积	0	32111
tgva	徑	径	0	28426
tgwq	籋	𥬞	0	0
thdt	穢	秽	0	19117
thgf	𤘀	𪺣	0	0
thgm	牘	牍	0	15115
thpp	邊	边	0	32397
thqb	筧	笕	0	9224
thqn	䅐	𫀨	0	0
tipl	簹	筜	0	0
tipl	𥢷	𫀮	0	0
tjaf	篳	筚	0	8267
tjet	𩡣	𩡖	0	0
tjfh	稈	秆	0	9010
tkgt	籔	䉤	0	0
tkgv	簍	篓	0	11203
tkkf	簞	箪	0	0
tlag	簂	𫂆	0	0
tlat	衊	蔑	0	16037
tlbb	範	范	0	30501
tlbh	卹	恤	0	12102
tlcx	䆉	𫁂	0	0
tldf	箇	个	0	15889
tlqo	𪄆	𪉔	0	0
tlry	囪	囱	0	15007
tlti	衆	众	0	22437
tlxy	籮	箩	0	7310
tmae	穠	秾	0	0
tmdk	軀	躯	0	19564
tmdm	軉	𨉗	0	0
tmeu	𥸠	𥮋	0	0
tmgg	龜	龟	0	23819
tmgh	衕	同	0	13081
tmgn	懲	惩	0	25382
tmgt	徵	征	0	30142
tmgt	黴	霉	0	16714
tmh	秈	籼	3	11732
tmtd	奧	奥	0	31490
tmtn	粵	粤	0	25647
tmwo	鵚	𪉍	0	0
tndm	𩑔	𫖪	0	0
tnhh	衛	卫	0	33271
tnhh	𥯤	𫁳	0	0
togw	𥴼	𫁺	0	0
tolf	釋	释	0	30990
tolo	鷭	𬸪	0	0
towo	鶖	鹙	0	0
tpwo	鴔	𫛡	0	0
tqaa	籛	篯	0	6474
tqb	禿	秃	3	16511
tqbt	䅳	𫀬	0	0
tqbt	篘	𥬠	0	0
tqdm	頹	颓	0	16064
tqjf	筍	笋	0	19128
tqoj	穭	穞	0	0
tqto	鯬	𫚞	0	0
tqvi	籙	箓	0	13209
trfm	犢	犊	0	12665
trhi	禦	御	0	24786
trlf	籜	箨	0	0
trlo	䉑	𫁲	0	0
trno	鵝	鹅	0	21942
trol	𤛮	𤙯	0	0
trtk	犞	𪺭	0	0
trud	𤜆	𪺪	0	0
trut	犧	牺	0	22751
tryo	𩸡	𫚟	0	0
tsww	徠	徕	0	15843
tsyh	術	术	0	32974
ttgf	種	种	0	35935
ttgh	衝	冲	0	30166
tthp	籩	笾	0	7310
ttjt	復	复	0	33072
ttnh	𥶽	𫁱	0	0
tued	徿	𪫌	0	0
tued	籠	笼	0	23256
tuyu	簢	𫂃	0	0
tvcb	節	节	0	33868
tvfh	筆	笔	0	28761
tvfj	簫	箫	0	15151
tvgw	籅	𥫣	0	0
twgj	𥢶	𫞷	0	0
twgj	𥵊	𥭉	0	0
twgm	籲	吁	0	29073
twgw	簽	签	0	29796
twhs	篠	筿	0	15608
twkq	稅	税	0	29465
twnh	篩	筛	0	23308
twwb	聳	耸	0	19273
twwg	籤	签	0	24442
twwh	從	从	0	36115
twwn	慫	怂	0	15483
twwp	䢨	𨑹	0	0
twyc	䉶	𫁷	0	0
txd	龜	龟	3	23819
txgo	鰵	鳘	0	0
txgq	䉲	𥮜	0	0
txjh	彿	佛	0	16771
txt	後	后	3	40068
txty	後	后	0	40068
txxr	籪	簖	0	0
tyby	籬	篱	0	16557
tyct	徹	彻	0	26381
tyke	簑	蓑	0	7661
tyoy	糴	籴	0	8533
tyuo	簾	帘	0	18178
tywc	䉬	𫂈	0	0
uaae	𤷃	𪽭	0	0
uajy	癘	疠	0	10709
uaky	癱	瘫	0	19683
uanm	𤺔	𪽴	0	0
uawo	鵧	𫛨	0	0
uben	癮	瘾	0	19643
ubsk	痾	疴	0	0
ubtp	遡	溯	0	8267
ucak	閞	𫔰	0	6474
ucce	瘮	瘆	0	0
uci	闖	闯	3	23106
ucnu	憑	凭	0	26835
ucwt	痠	酸	0	11633
ucy	馮	冯	3	25638
uddh	䍽	𦍠	0	0
udei	痮	𪽪	0	0
udfm	羵	𫅗	0	0
udga	羥	羟	0	18220
udqo	鮝	鲞	0	0
udqo	鮺	鲝	0	0
udth	癧	疬	0	0
udui	療	疗	0	32326
udwf	瘞	瘗	0	8533
udwn	瘱	𪽷	0	0
udww	𥪂	𥩺	0	0
udye	養	养	0	30356
udyg	羶	膻	0	9010
udyo	鯗	鲞	0	6918
ued	閒	闲	3	24729
uegb	聾	聋	0	17929
uegd	礱	砻	0	0
uegd	龍	龙	0	32261
uegd	龑	䶮	0	5961
uege	襲	袭	0	29096
uegf	壟	垄	0	21481
uego	鸗	𫛟	0	0
uegw	龔	龚	0	20498
uegy	讋	詟	0	6474
uevh	凈	净	0	16320
uewo	鷳	鹇	0	5961
uftb	𨴹	𫔲	0	0
ufup	闥	闼	0	13677
ugak	開	开	0	38074
ugct	䦯	𫔵	0	0
ugfg	瘂	痖	0	0
ugiw	羨	羡	0	17742
ugjf	竱	𫁟	0	0
ugji	凍	冻	0	24928
ugtt	義	义	0	34367
ugva	痙	痉	0	11732
uhag	瘧	疟	0	19942
uhal	㿖	𪽮	0	0
uhng	門	门	0	35262
ujam	贑	𫎬	0	0
ujgr	瘍	疡	0	15439
ujkm	韻	韵	0	24749
ujwo	𪅂	𫜂	0	0
ukeu	袞	衮	0	14933
ukgv	瘻	瘘	0	0
ukkf	癉	瘅	0	0
ukkf	闡	阐	0	21689
ukkk	闆	板	0	23646
ukqb	兗	兖	0	17350
ukqq	競	竞	0	29999
ulff	凙	𪞝	0	0
uluh	辦	办	0	33035
umdp	適	适	0	31176
umdt	敵	敌	0	28697
umgu	闓	闿	0	10284
umih	幣	币	0	28827
umio	䳤	𫛮	0	0
umio	鱉	鳖	0	13332
umio	鷩	𫜁	0	0
umix	彆	别	0	6474
umix	斃	毙	0	21909
umtj	瘋	疯	0	22958
umtj	颯	飒	0	7978
unfi	瘺	瘘	0	0
unhh	闈	闱	0	11828
unku	闢	辟	0	20999
uogf	並	并	0	38450
uool	癆	痨	0	6474
upsh	竚	𥩟	0	0
uqod	癬	癣	0	11425
uqwe	餈	糍	0	0
uqwo	鵁	䴔	0	0
usgb	鄭	郑	0	29405
usgg	𪓰	𫜟	0	0
usgo	鷷	𫜄	0	0
ushq	親	亲	0	33166
uswo	鷴	鹇	0	0
utha	癟	瘪	0	12513
uthf	導	导	0	34195
uthj	𩠴	𩠠	0	0
utmt	癥	症	0	17067
uttg	産	产	0	22151
uttj	剷	铲	0	18662
utvb	癤	疖	0	8267
utwh	瘲	疭	0	0
uude	癢	痒	0	17758
uued	癇	痫	0	14038
uufk	閗	𫔯	0	0
uujd	闇	暗	0	16548
uvky	癰	痈	0	6474
uvoo	鶼	鹣	0	0
uwga	𠗣	㓆	0	0
uwgj	癐	𤶊	0	0
uwgk	閤	合	0	14408
uwgn	癒	愈	0	22610
uwkq	閱	阅	0	26232
uwlo	鷁	鹢	0	11732
uwvo	鴗	𫁡	0	0
uwyc	閝	𫠂	0	0
uwyd	閵	𫔴	0	0
uwyk	瘡	疮	0	18735
uxho	鵜	鹈	0	16856
uxiu	辮	辫	0	17929
uxtb	䦳	𨷿	0	0
uxth	癡	痴	0	19432
uxxg	關	关	0	37263
uxxo	鶿	鹚	0	8780
uxxo	鷀	鹚	0	9426
uylt	凜	凛	0	14135
vakb	鄩	𬩽	0	8267
vakc	彠	彟	0	6474
vakf	尋	寻	0	29459
vakk	嫗	妪	0	8780
vamy	𡟫	𫝪	0	0
vaqh	𡠹	㛿	0	0
vcao	鱀	𬶨	0	15007
vcce	㜗	𡞋	0	0
vccu	駑	驽	0	8533
vcdm	䫀	𫖱	0	0
vcy	媽	妈	3	28418
vept	嬡	嫒	0	7310
veto	嬀	妫	0	0
vffq	嬈	娆	0	11086
vfjf	書	书	0	34458
vfjg	晝	昼	0	19432
vfjk	肅	肃	0	24474
vfjo	鷫	鹔	0	0
vflb	畵	画	0	7978
vflg	畫	画	0	32977
vflj	劃	划	0	32910
vflm	嬻	𪥿	0	0
vfmc	毀	毁	0	28526
vfnf	嬦	𫝩	0	0
vfwk	嬙	嫱	0	7310
vgfg	婭	娅	0	21375
vgmx	孋	㛤	0	0
vgnh	舉	举	0	34494
vgnn	㦛	𢗓	0	0
vgnw	歟	欤	0	11828
vgnw	與	与	0	39370
vgny	譽	誉	0	26606
vgva	娙	𫰛	0	0
vhgl	盡	尽	0	31287
vkhm	嬇	𫝬	0	0
vkkf	嬋	婵	0	15577
vknd	娛	娱	0	26234
vkwo	鴽	𫛪	0	6918
vlgw	輿	舆	0	23119
vlvg	㜢	𡞱	0	0
vlwl	媼	媪	0	7661
vmah	姍	姗	0	15955
vmgu	㜐	𫝧	0	0
vmgv	釁	衅	0	20064
vmgw	興	兴	0	31770
vmmv	孆	𫝭	0	0
vmnk	媧	娲	0	15872
vmtj	㜄	㚯	0	0
vmy	㛝	𫝦	0	0
vnij	孎	𡠟	0	0
volf	𤑹	𪹀	0	0
vou	災	灾	3	28336
vpgm	嬪	嫔	0	17027
vplh	媈	𫝨	0	0
vpns	嬣	𪥰	0	0
vptl	嬸	婶	0	15007
vqb	兒	儿	3	33012
vqbt	媰	㛀	0	0
vqqb	學	学	0	39217
vqqc	斅	𢽾	0	6474
vqqd	礐	𬒈	0	0
vqqi	澩	泶	0	0
vqqk	嚳	喾	0	11086
vqqm	嶨	峃	0	0
vqqo	鱟	鲎	0	11316
vqqo	鷽	鸴	0	0
vqqq	覺	觉	0	30817
vqqt	斆	敩	0	0
vqqw	黌	黉	0	7661
vrlo	嫵	妩	0	9426
vsww	婡	𫝫	0	0
vtan	奼	姹	0	0
vtdk	嬌	娇	0	20250
vueg	嫺	娴	0	13209
vugi	孄	𫝮	0	0
vvfg	嫿	婳	0	0
vvph	婦	妇	0	29210
vvvf	姦	奸	0	21833
vwvo	鳩	鸠	0	18422
vwyc	孇	𪥫	0	0
vxuu	嫋	袅	0	0
vyke	孃	娘	0	7978
vysx	嬤	嬷	0	10965
vyto	媯	妫	0	8780
wahu	𠐊	𫝋	0	0
wakg	僅	仅	0	32332
wakk	傴	伛	0	0
waky	儺	傩	0	9426
wate	備	备	0	33175
watn	憊	惫	0	16557
wcno	鶲	鹟	0	7978
wcy	傌	㐷	3	6474
wdet	優	优	0	31700
wdey	倀	伥	0	7661
wdmh	佈	布	0	30358
wdww	俠	侠	0	23334
wecn	𠏢	𠉗	0	0
weto	僞	伪	0	13332
wffq	僥	侥	0	14182
wfkn	舘	馆	0	10432
wfnf	儔	俦	0	12013
wfqh	𤛱	𫞢	0	0
wfuf	倖	幸	0	21632
wfup	㒓	𠉂	0	0
wgdo	䳫	𫛼	0	0
wgjf	傳	传	0	35588
wgji	倲	㑈	0	0
wgjs	合夥	合伙	1	21417
wgkb	鄧	邓	0	26204
wgkd	龕	龛	0	15716
wgkj	劍	剑	0	26642
wgko	鴿	鸽	0	19222
wgkt	斂	敛	0	18875
wgkw	僉	佥	0	14087
wglb	鄶	郐	0	7661
wglj	劊	刽	0	13566
wglj	會	会	0	40861
wgma	侖	仑	0	19674
wgmx	儷	俪	0	15577
wgmy	倆	俩	0	19521
wgva	俓	𠇹	0	0
whkg	佔	占	0	30644
whqn	俔	伣	0	0
whti	絛	绦	0	11633
whts	條	条	0	33549
wipm	償	偿	0	26098
wipo	儻	傥	0	8780
wkkf	僤	𫢸	0	0
wkkt	儼	俨	0	17742
wknd	俁	俣	0	10284
wkqb	兌	兑	0	22176
wkqt	敓	敚	0	0
wktk	侶	侣	0	23538
wldg	個	个	0	39817
wlvg	僂	偻	0	0
wlxy	儸	㑩	0	8267
wmae	儂	侬	0	17627
wmtj	偑	㐽	0	0
wngb	鄔	邬	0	15321
wngj	𠞆	𠛆	0	0
wngo	烏	乌	0	28307
wnhh	偉	伟	0	28581
wnnh	帥	帅	0	24949
wnnh	師	师	0	33933
wnnh	歸	归	0	30199
wnnk	侷	局	0	16670
wogy	僕	仆	0	21481
wpaa	餞	饯	0	11922
wpad	饃	馍	0	7661
wpag	饉	馑	0	14182
wpat	饊	馓	0	0
wpbg	餌	饵	0	14963
wpbm	飿	饳	0	0
wpck	飴	饴	0	10284
wpct	餕	馂	0	0
wpdd	餪	𫗬	0	0
wpde	餦	𫗠	0	0
wpde	餬	糊	0	7854
wpev	餒	馁	0	11592
wpey	傢	家	0	19966
wpfb	餑	饽	0	0
wpfh	飦	𫗞	0	0
wpfl	饁	馌	0	0
wpfq	饒	饶	0	21538
wpge	饢	馕	0	0
wpgf	餺	馎	0	0
wpgi	餗	𫗧	0	7310
wpgm	儐	傧	0	0
wpgn	飩	饨	0	11316
wpgu	餖	饾	0	0
wpgy	餔	𫗦	0	7310
wpjc	饅	馒	0	14038
wpjr	餳	饧	0	0
wpjs	餜	馃	0	0
wpjx	餛	馄	0	11086
wpjy	蝕	蚀	0	23490
wpkm	饋	馈	0	21559
wple	餵	喂	0	21579
wplh	㑮	𫝈	0	0
wply	饠	𫗩	0	0
wpme	餶	馉	0	0
wpmn	飢	饥	0	20689
wpnk	飼	饲	0	21966
wpnt	飶	𫗣	0	0
wpnw	饌	馔	0	10709
wppl	餫	𫗥	0	0
wppn	館	馆	0	32143
wpqe	餚	肴	0	17709
wpql	餾	馏	0	18383
wpqn	飽	饱	0	24127
wpqv	餡	馅	0	18220
wpqw	飲	饮	0	29389
wpqy	饞	馋	0	10432
wprc	飯	饭	0	27975
wprg	餭	𫗮	0	0
wpro	餼	饩	0	7978
wpsg	餷	馇	0	0
wpsh	佇	伫	0	14182
wpsh	飣	饤	0	0
wpta	飥	饦	0	0
wptd	飫	饫	0	0
wptf	飪	饪	0	19343
wptf	飵	𫗢	0	0
wpth	飾	饰	0	28485
wptk	餉	饷	0	18770
wptk	餎	饹	0	0
wptl	飭	饬	0	15151
wptt	餓	饿	0	22346
wptv	餧	𫗪	0	0
wpu	飠	饣	3	0
wpua	餅	饼	0	24263
wpuf	饈	馐	0	7661
wpup	餸	𩠌	0	19780
wpuq	餃	饺	0	20819
wpvc	餿	馊	0	6474
wpwd	餱	糇	0	0
wpwk	餄	饸	0	0
wpwt	餘	余	0	31245
wpxt	饑	饥	0	20015
wpye	餏	饻	0	0
wpye	饟	𫗵	0	9426
wpyg	饘	𫗴	0	0
wqas	傑	杰	0	28999
wqbb	爺	爷	0	23190
wqbt	㑳	㑇	0	0
wrno	㑶	㐹	0	0
wsmy	價	价	0	33606
wswo	鵂	鸺	0	0
wsww	倈	俫	0	8533
wtcy	俬	私	0	13867
wtdk	僑	侨	0	26398
wtjr	傷	伤	0	32407
wtln	傯	偬	0	0
wtty	敘	叙	0	23885
wtwo	䳜	𫛬	0	0
wtxi	係	系	0	32707
wuah	併	并	0	27715
wug	們	们	3	37035
wugt	儀	仪	0	29603
wujn	億	亿	0	31556
wusq	儭	𠋆	0	0
wvgc	鸌	鹱	0	0
wvgd	䳧	𫛺	0	0
wvge	䴋	𫜅	0	0
wvge	裊	袅	0	6474
wvgm	島	岛	0	32728
wvgm	鳧	凫	0	10432
wvgm	鳬	凫	0	0
wvgo	鳥	鸟	0	26638
wvgo	𪈼	𱊜	0	0
wvgs	梟	枭	0	17350
wvgt	𪇳	𪉕	0	0
wvgw	鴃	𫛞	0	6474
wvgw	鴥	𫛣	0	0
wvgx	鴕	鸵	0	15565
wvhl	儘	尽	0	28409
wwga	倫	伦	0	30547
wwgj	儈	侩	0	10432
wwgw	儉	俭	0	19763
wwkb	卻	却	0	32787
wwkn	慾	欲	0	21604
wwko	鵒	鹆	0	0
wwno	𠌥	𠆿	0	0
wwwf	傘	伞	0	21893
wwyk	傖	伧	0	0
wwym	儁	俊	0	16557
wxmc	發	发	0	39492
wyaw	儣	𠆲	0	0
wyco	鴒	鸰	0	0
wycu	隻	只	0	29046
wyjg	儕	侪	0	16064
wymm	雋	隽	0	17526
wyny	僱	雇	0	28581
wyoo	鷦	鹪	0	7978
wypd	進	进	0	37428
wyth	𩀨	𫕚	0	0
wyto	偽	伪	0	24928
wyva	戧	戗	0	0
wyvb	𩛆	𩠂	0	0
wyvb	𩜇	𩠉	0	0
wyvc	飠	饣	0	0
wyvc	𩚥	𩠀	0	0
wyvd	𩚩	𫗡	0	0
wyve	𩛡	𫗨	0	0
wyve	𩝔	𩠋	0	0
wyvf	𩚵	𩠁	0	0
wyvf	𩞯	䭪	0	0
wyvh	傭	佣	0	24870
wyvh	𩜦	𩠆	0	0
wyvj	創	创	0	33060
wyvj	𩜵	𩠊	0	0
wyvj	𩝽	𫗳	0	0
wyvj	𩞄	𩠎	0	0
wyvk	倉	仓	0	26449
wyvn	䭃	𩠈	0	0
wyvo	䭑	𫗱	0	0
wyvo	鶬	鸧	0	0
wyvp	䭀	𩠇	0	0
wyvp	䭔	𫗰	0	0
wyvp	𩟐	𩠅	0	0
wyvq	䬧	𫗟	0	0
wyvr	𩞦	𩠏	0	0
wyvv	𩛌	𫗤	0	0
wyvw	𩛩	𩠃	0	0
wyvy	𩚛	𩟿	0	0
wywc	雙	双	0	31763
xaat	綫	线	0	28176
xahl	繿	䍀	0	0
xahq	纜	缆	0	21112
xajd	縸	𫄲	0	0
xakk	彄	𫸩	0	0
xans	緤	𫄬	0	8533
xbbb	䌰	𦈙	0	0
xbh	鄳	𫑡	3	0
xcjy	強	强	0	34924
xdey	張	张	0	34466
xecl	䋼	𫄮	0	0
xesy	綵	彩	0	17944
xfcl	𦀖	𫄦	0	0
xffq	繞	绕	0	25615
xfke	𦅇	𫄪	0	0
xfke	𦅈	𫄵	0	0
xflm	續	续	0	34841
xfup	繨	𫄤	0	0
xfwk	繬	𫄱	0	0
xfwo	鴇	鸨	0	7310
xgct	緻	致	0	21035
xgig	䋔	𫄞	0	0
xgij	剝	剥	0	22832
xgiu	彔	录	0	10129
xgjf	縳	䌸	0	8780
xgjg	絙	𫄠	0	0
xgjn	繐	𰬸	0	0
xgli	練	练	0	29657
xgmx	纚	𫄥	0	0
xgps	彙	汇	0	23099
xgva	弳	弪	0	0
xgva	經	经	0	37870
xgwq	彌	弥	0	25664
xgwv	㜷	𡝠	0	0
xgwy	瓕	𤦀	0	0
xgxg	䊺	𫄚	0	0
xhk	弔	吊	3	18852
xhnw	眞	真	0	13332
xjaf	彃	𪪼	0	0
xjwo	鴲	𪉆	0	0
xkgv	縷	缕	0	16511
xkkf	彈	弹	0	31094
xkkf	繟	𦈎	0	0
xlff	繹	绎	0	21373
xlsy	綑	捆	0	16488
xlwl	縕	缊	0	0
xlwt	𦃩	𫄯	0	0
xmae	繷	𫄣	0	0
xmee	繃	绷	0	14274
xmgk	絧	𫄡	0	0
xmgv	繩	绳	0	24499
xmum	綱	纲	0	24733
xmun	網	网	0	34589
xmwk	纗	𫄹	0	0
xnhh	緯	纬	0	22635
xnn	糺	𫄙	3	0
xnny	糹	纟	0	0
xpdc	綋	𫟄	0	0
xpgm	繽	缤	0	14408
xpsh	紵	纻	0	7310
xqbt	縐	绉	0	11425
xqky	纔	才	0	13332
xriy	線	线	0	34743
xrxs	樂	乐	0	34049
xtbn	絁	𫄟	0	6474
xtfn	䋃	𫄜	0	0
xtgf	緟	𫟆	0	0
xthh	縰	𫄳	0	0
xtjt	緮	𫄭	0	0
xtln	總	总	0	35636
xtwh	縱	纵	0	26687
xtxu	䋦	𫄩	0	0
xtyb	鄉	乡	0	30104
xtye	饗	飨	0	13622
xtyj	蠁	蚃	0	0
xtyj	響	响	0	33438
xtyk	嚮	向	0	18601
xuaj	織	织	0	31327
xupy	縍	𫄰	0	0
xvcn	絕	绝	0	31611
xvfj	繡	绣	0	20505
xwdy	絥	𫄢	0	0
xwga	綸	纶	0	18289
xwgj	繪	绘	0	26534
xwhs	縧	绦	0	0
xwtf	絍	𫟃	0	0
xwwg	纖	纤	0	22751
xwyn	紟	𫄛	0	0
xxcj	繈	𫄶	0	0
xxdt	幾	几	0	32987
xxg	繩	绳	3	24499
xxgi	綠	绿	0	28264
xxgr	斷	断	0	32344
xxhh	𥾯	𫄝	0	0
xxio	鷥	鸶	0	9796
xxiy	絲	丝	0	28505
xxxn	繼	继	0	33151
xyaw	纊	纩	0	6474
xynd	綟	𫄫	0	0
xyne	𦆲	𫟇	0	0
xywo	鶭	𫛯	0	0
xyxb	孿	孪	0	12665
xyxf	繂	𫄴	0	0
xyxh	縴	纤	0	0
xyxj	蠻	蛮	0	22077
xyxm	巒	峦	0	17164
xyxn	戀	恋	0	26763
xyxo	鸞	鸾	0	15983
xyxq	鑾	銮	0	14819
xyxr	攣	挛	0	12513
xyxs	欒	栾	0	14182
xyxt	變	变	0	34701
xyxv	孌	娈	0	7310
xyxw	臠	脔	0	7310
xyxx	彎	弯	0	23703
yaat	諓	𬣡	0	0
yaco	𪃒	𫛻	0	0
yadr	廝	厮	0	14620
yagf	譁	哗	0	14819
yakk	謳	讴	0	12273
yamb	鄺	邝	0	20015
yamj	𠠎	𠚳	0	0
yamw	廣	广	0	33413
yaoo	鷓	鹧	0	9426
yawc	護	护	0	34165
ybgn	廳	厅	0	30495
ybkf	嚲	亸	0	0
ybmy	離	离	0	34941
ybn	訑	𫍙	3	0
ybwc	廕	荫	0	9967
ybwo	鶉	鹑	0	12879
ycas	棄	弃	0	28819
ydem	顏	颜	0	26646
yder	彥	彦	0	23504
ydfe	誫	𫍨	0	0
ydfn	誇	夸	0	21962
ydht	廈	厦	0	27795
ydjn	䛳	𫍫	0	0
ydtg	產	产	0	35270
yfcy	詓	𫍜	0	0
yffq	譊	𫍢	0	0
yfje	廟	庙	0	26351
yfjf	講	讲	0	30771
yfkf	廚	厨	0	25035
yfkk	譆	𫍻	0	0
yflm	讀	读	0	30527
yfnf	譸	诪	0	0
yfny	誌	志	0	27878
yfwe	褻	亵	0	20228
yfwk	廧	𪪞	0	0
yfwo	𪁈	𪉉	0	0
ygct	𧩼	𫍶	0	0
ygqt	謸	𫍵	0	0
yhad	讞	谳	0	14087
yhag	謯	𫍹	0	0
yhal	廬	庐	0	19303
yhg	訨	𫟞	3	0
yido	鷲	鹫	0	14452
yimt	廠	厂	0	29818
yipo	讜	谠	0	9426
yiqn	誂	𫍥	0	0
yjdg	齏	齑	0	9426
yjf	齊	齐	3	29356
yjfe	裏	里	0	28233
yjiu	齋	斋	0	22679
yjmu	齎	赍	0	13784
ykgv	謱	𫍴	0	0
ykkf	譂	𫟠	0	0
ykks	譟	噪	0	12102
ylff	譯	译	0	29264
ylkn	氈	毡	0	15668
ylko	鸇	鹯	0	0
ylkt	稟	禀	0	20876
ylny	諰	𫍰	0	0
ylqy	畝	亩	0	23166
ymae	譨	𫍦	0	0
ymdj	諯	𫍱	0	0
ymjk	廁	厕	0	23769
ymnk	諣	𫍩	0	0
ymtj	諷	讽	0	23466
ymun	誷	𫍬	0	0
ynbm	誳	𫍮	0	0
ynem	顅	𫖶	0	0
ynhh	諱	讳	0	21800
ynjf	塵	尘	0	24418
ynjt	慶	庆	0	29337
ynkt	啟	启	0	30234
ynny	誋	𫍪	0	0
yntk	啓	启	0	20228
ynwm	顧	顾	0	31225
ypd	這	这	3	38585
ypfi	誴	𫟡	0	0
ypns	𧭈	𫍾	0	0
ypsh	詝	𬣞	0	8267
yptl	讅	谉	0	0
ypxn	詑	𫍡	0	0
yqbn	䛄	𫍠	0	0
yqbt	謅	诌	0	0
yqky	讒	谗	0	15115
yqot	㢝	𢋈	0	0
yqrm	謠	谣	0	22842
yrlo	廡	庑	0	11425
yrqc	謉	𫍷	0	0
yshd	廂	厢	0	24247
ysmy	䜖	𫟢	0	0
yssc	麽	么	0	20166
yssx	麼	么	0	30723
ysww	誺	𫍧	0	0
ytan	託	托	0	24898
ytbn	𧦧	𫍟	0	0
ytbp	遊	游	0	33418
ytdk	㢗	𪪑	0	0
ytdk	譑	𫍤	0	0
ytdy	訞	𫍚	0	6474
ytfm	讚	赞	0	26924
ytgf	諥	𫍳	0	0
ytlt	𧫝	𫍺	0	0
ytno	為	为	0	41978
ytrh	旂	旗	0	9541
ytto	鷟	𬸦	0	6474
ytuh	𧦝	𫍞	0	0
yuaj	識	识	0	31628
yued	龐	庞	0	25402
yuen	譾	谫	0	0
yufh	詊	𫟟	0	0
yugt	議	议	0	36231
yujf	𧬤	𫍼	0	0
yuqk	諮	咨	0	24824
yuvg	𧩕	𫍭	0	0
yvac	譭	毁	0	7310
yvcc	廄	厩	0	9426
yvuf	齊	齐	0	29356
yvwo	鶊	鹒	0	0
yvyh	譅	𰶎	0	0
yvyn	認	认	0	35596
ywga	論	论	0	34507
ywgl	諡	谥	0	20742
ywgu	證	证	0	33541
ywkq	說	说	0	36639
ywu	於	于	3	40480
ywuy	於	于	0	40480
ywvn	訜	𫍛	0	0
ywvo	鳼	𪉃	0	0
ywwn	應	应	0	36252
ywwo	鷹	鹰	0	24141
ywwy	雜	杂	0	29555
ywxc	廢	废	0	28153
yxph	牽	牵	0	25332
yxtn	甕	瓮	0	14319
yxxt	譏	讥	0	18261
yygg	訁	讠	0	0
yygg	註	注	0	26586
yyke	讓	让	0	34013
yylt	廩	廪	0	12665
yyni	詠	咏	0	23945
yynn	謆	𫍸	0	0
