# code	word	tag	mv_freq	lib_freq	v2	reason
adaofu	阿道夫	modern-vocab-audit-p2: name-obscure	30000	15384	0	著名译名
aichong	爱宠	modern-vocab-audit-p2: frag-np	30000	0	0	现代常用词
ailike	埃里克	modern-vocab-audit-p2: name-obscure	30000	19840	0	常见译名
ailun	艾伦	modern-vocab-audit-p2: name-obscure	30000	24549	0	常见译名
aisake	艾萨克	modern-vocab-audit-p2: name-obscure	30000	14497	0	常见音译名
andelie	安德烈	modern-vocab-audit-p2: name-obscure	30000	16608	0	极常用音译名
andelu	安德鲁	modern-vocab-audit-p2: name-obscure	30000	20181	0	极常用译名
andesen	安德森	modern-vocab-audit-p2: name-obscure	30000	20403	0	极常用译名
anjila	安吉拉	modern-vocab-audit-p2: name-obscure	30000	18013	0	常见音译名
anquankekao	安全可靠	modern-vocab-audit-p2: frag-np	30000	8147	0	固定搭配
aosite	奥斯特	modern-vocab-audit-p2: name-obscure	30000	12679	0	物理单位
baiyuan	百元	modern-vocab-audit-p2: frag-num	30000	20162	0	常用钱数
bangqiudui	棒球队	modern-vocab-audit-p2: frag-np	30000	7061	0	常用球队词
baoweier	鲍威尔	modern-vocab-audit-p2: name-obscure	30000	12019	0	常见译名
beijingcheng	北京城	modern-vocab-audit-p2: frag-np	30000	15312	0	固定称谓
bengang	本港	modern-vocab-audit-p2: frag-grammar	30000	21035	0	港式常用词
bengshi	崩逝	modern-vocab-audit-p2: word	30000	0	0	词典词帝王逝
benpian	本片	modern-vocab-audit-p2: frag-grammar	30000	18813	0	常用词
benshuobo	本硕博	modern-vocab-audit-p2: frag-np	30000	2987	0	固定缩略
biaochu	标出	modern-vocab-audit-p2: frag-verb	30000	14631	0	常用动补
biece	别册	modern-vocab-audit-p2: name-obscure	30000	0	0	词典词:副刊别册
bingmeiyou	并没有	modern-vocab-audit-p2: frag-grammar	30000	0	0	常用固定短语
bingyong	并用	modern-vocab-audit-p2: frag-verb	30000	20272	0	词典词手脚并用
boen	伯恩	modern-vocab-audit-p2: name-obscure	30000	19677	0	常见音译名
boqian	播迁	modern-vocab-audit-p2: word	30000	6920	0	迁徙流离本义
bufenxianhou	不分先后	modern-vocab-audit-p2: frag-grammar	30000	0	0	固定表达
buhuangbuluan	不慌不乱	modern-vocab-audit-p2: frag-grammar	30000	3094	0	惯用四字语
bulade	布拉德	modern-vocab-audit-p2: name-obscure	30000	18938	0	常见译名
buliyu	不利于	modern-vocab-audit-p2: frag-grammar	30000	21320	0	固定功能短语
bulunuo	布鲁诺	modern-vocab-audit-p2: name-obscure	30000	17224	0	常见译名
buwending	不稳定	modern-vocab-audit-p2: frag-grammar	30000	0	0	词化否定形
buyuanchu	不远处	modern-vocab-audit-p2: frag-grammar	30000	21232	0	常用方位词
buzhiyuci	不止于此	modern-vocab-audit-p2: frag-grammar	30000	0	0	固定表达
canruoxingchen	灿若星辰	modern-vocab-audit-p2: frag-np	30000	0	0	固定表达
chaidanzhuanjia	拆弹专家	modern-vocab-audit-p2: frag-np	30000	0	0	职业名词
chaidiao	拆掉	modern-vocab-audit-p2: frag-verb	30000	18015	0	口语常用动补词
chalie	差劣	modern-vocab-audit-p2: jargon-slice	30000	9452	0	港式真词
changnei	场内	modern-vocab-audit-p2: frag-grammar	30000	21531	0	金融常用词
chanzai	产仔	modern-vocab-audit-p2: frag-verb	30000	0	0	畜牧常用词
chaolizi	炒栗子	modern-vocab-audit-p2: frag-np	30000	14694	0	常见食品
chaxiang	茶香	modern-vocab-audit-p2: frag-np	30000	15884	0	常用词
chenei	车内	modern-vocab-audit-p2: frag-grammar	30000	20608	0	高频常用单位
chengbanfang	承办方	modern-vocab-audit-p2: frag-np	30000	5930	0	常用词
chengnei	城内	modern-vocab-audit-p2: frag-grammar	30000	21883	0	常用方位词
chengzhengbi	成正比	modern-vocab-audit-p2: frag-verb	30000	19578	0	固定惯用语
cheyaoshi	车钥匙	modern-vocab-audit-p2: frag-np	30000	0	0	日常生活实物词
choubeichu	筹备处	modern-vocab-audit-p2: frag-np	30000	6848	0	通用机构词
chuanbozhe	传播者	modern-vocab-audit-p2: frag-np	30000	14395	0	常用者字词
chuangxingao	创新高	modern-vocab-audit-p2: frag-verb	30000	0	0	财经常用
chuanlie	串列	modern-vocab-audit-p2: word	30000	6455	0	串列式真术语
chuansuoji	穿梭机	modern-vocab-audit-p2: word	30000	17970	0	词典真词
chunjiedang	春节档	modern-vocab-audit-p2: frag-np	30000	0	0	影业常用词
chunmoxiachu	春末夏初	modern-vocab-audit-p2: frag-np	30000	0	0	固定时令语
chupiao	出票	modern-vocab-audit-p2: frag-verb	30000	0	0	票务真词
chuquwan	出去玩	modern-vocab-audit-p2: frag-verb	30000	28189	0	口语常用单位
chuzifang	出资方	modern-vocab-audit-p2: frag-np	30000	4422	0	财经固定术语
cinan	次男	modern-vocab-audit-p2: word	30000	13740	0	次子真词
ciqikou	磁器口	modern-vocab-audit-p2: geo-real	30000	0	0	重庆名胜
conguzhijin	从古至今	modern-vocab-audit-p2: bad-pinyin	30000	0	0	成语
coulong	凑拢	modern-vocab-audit-p2: frag-verb	30000	3094	0	词典动词
cufangxing	粗放型	modern-vocab-audit-p2: frag-np	30000	5577	0	固定经济术语
cunshang	村上	modern-vocab-audit-p2: name-obscure	30000	20471	0	著名日姓
dabache	大巴车	modern-vocab-audit-p2: frag-np	30000	17886	0	常用名词
daibiaozuopin	代表作品	modern-vocab-audit-p2: frag-np	30000	12351	0	简历常用固定语
dakehu	大客户	modern-vocab-audit-p2: frag-np	30000	0	0	商业常用词
dalanqiu	打篮球	modern-vocab-audit-p2: frag-np	30000	22544	0	高频活动短语
damenkou	大门口	modern-vocab-audit-p2: frag-np	30000	20669	0	口语常用单位
daonei	岛内	modern-vocab-audit-p2: frag-grammar	30000	18560	0	新闻常用词
daoshang	岛上	modern-vocab-audit-p2: frag-grammar	30000	24240	0	高频凝固方位
daoyanzu	导演组	modern-vocab-audit-p2: org-local	30000	12464	0	常用词
dashilan	大栅栏	modern-vocab-audit-p2: org-local	30000	0	0	北京名胜
daze	大泽	modern-vocab-audit-p2: name-obscure	30000	10969	0	著名日姓
dazhuxiaozhuluoyupan	大珠小珠落玉盘	modern-vocab-audit-p1-ge5: poem-line	30000	8542	0	名句惯用
deao	德奥	modern-vocab-audit-p2: frag-np	30000	10795	0	德奥合并固定
dengke	登科	modern-vocab-audit-p2: obscure-classical	30000	10992	0	词典历史词
dengken	邓肯	modern-vocab-audit-p2: name-obscure	30000	16142	0	常用译名
dengren	等人	modern-vocab-audit-p2: frag-grammar	30000	0	0	常用动宾词
deyushi	得与失	modern-vocab-audit-p2: stale-300	300	11818	0	固定并称
diaochazu	调查组	modern-vocab-audit-p2: frag-np	30000	17948	0	常用新闻名词
diaohui	调回	modern-vocab-audit-p2: frag-verb	30000	9155	0	常用动补词
didixia	地底下	modern-vocab-audit-p2: frag-grammar	30000	11961	0	口语方位常用
dierdai	第二代	modern-vocab-audit-p2: frag-num	30000	18028	0	序数常用
dierming	第二名	modern-vocab-audit-p2: frag-num	35000	19556	0	名次常用
dierwei	第二位	modern-vocab-audit-p2: frag-num	35000	17890	0	名次常用
dierzhang	第二张	modern-vocab-audit-p2: frag-num	30000	23631	0	序数常用
disanming	第三名	modern-vocab-audit-p2: frag-num	35000	17883	0	名次常用
disanwei	第三位	modern-vocab-audit-p2: frag-num	30000	15672	0	名次常用
disiwei	第四位	modern-vocab-audit-p2: frag-num	30000	15023	0	名次常用
diyichang	第一场	modern-vocab-audit-p2: frag-num	35000	21912	0	序数常用
diyige	第一个	modern-vocab-audit-p2: frag-num	40000	31610	0	序数常用
diyijie	第一届	modern-vocab-audit-p2: frag-num	35000	17691	0	序数常用
diyiming	第一名	modern-vocab-audit-p2: frag-num	30000	23575	0	名次固定词
diyiwei	第一位	modern-vocab-audit-p2: frag-num	35000	24700	0	名次常用
diyuxing	地域性	modern-vocab-audit-p2: frag-np	30000	9526	0	常用词
dongxinanbeizhong	东西南北中	modern-vocab-audit-p1-ge5: slogan	30000	10886	0	固定习语
doushi	都是	modern-vocab-audit-p2: frag-grammar	35000	0	0	高频常用
dubian	渡边	modern-vocab-audit-p2: name-obscure	30000	15177	0	著名日姓
duodeduo	多得多	modern-vocab-audit-p2: frag-grammar	30000	17144	0	口语常用
duoma	堕马	modern-vocab-audit-p2: word	30000	6824	0	词典词堕马髻
duzie	肚子饿	modern-vocab-audit-p2: frag-np	30000	21600	0	常用口语单位
ensite	恩斯特	modern-vocab-audit-p2: name-obscure	30000	14104	0	常见译名
erfei	而非	modern-vocab-audit-p2: frag-grammar	30000	26662	0	固定连词
erjidu	二季度	modern-vocab-audit-p2: frag-num	30000	12527	0	财经常用单位
ershiduosui	二十多岁	modern-vocab-audit-p2: frag-num	30000	17624	0	常用年龄
ershisan	二十三	modern-vocab-audit-p2: frag-num	30000	24962	0	常用数词
fadianbao	发电报	modern-vocab-audit-p2: frag-verb	30000	11018	0	经典动宾单位
fagaoshao	发高烧	modern-vocab-audit-p2: frag-verb	30000	19216	0	口语固定单位
fahei	发黑	modern-vocab-audit-p2: frag-verb	30000	18540	0	常用动词
fajun	法军	modern-vocab-audit-p2: frag-np	30000	15014	0	标准缩略词
falvzixun	法律咨询	modern-vocab-audit-p2: frag-np	30000	0	0	常用服务词
fanchuansai	帆船赛	modern-vocab-audit-p2: frag-np	30000	5311	0	体育标准词
fangke	方可	modern-vocab-audit-p2: frag-grammar	30000	25430	0	书面固定词
fangnei	房内	modern-vocab-audit-p2: frag-grammar	30000	13206	0	常用方位词
fanjing	返京	modern-vocab-audit-p2: frag-verb	30000	14016	0	新闻常用词
fapian	发片	modern-vocab-audit-p2: frag-verb	30000	16656	0	娱乐圈常用语
faxianzhe	发现者	modern-vocab-audit-p2: frag-np	30000	11477	0	常用者字词
fazhanqi	发展期	modern-vocab-audit-p2: word	30000	5354	0	常用词X期
feidudu	肥嘟嘟	modern-vocab-audit-p2: word	30000	15887	0	真实口语词
feihang	飞航	modern-vocab-audit-p2: jargon-slice	30000	14578	0	台湾常用词
feiwang	飞往	modern-vocab-audit-p2: frag-verb	30000	23731	0	常用动词
fenjieduan	分阶段	modern-vocab-audit-p2: frag-grammar	30000	12542	0	常用状语单位
fenlanren	芬兰人	modern-vocab-audit-p2: frag-np	30000	10134	0	国民称谓真词
fentishi	分体式	modern-vocab-audit-p2: frag-np	30000	9783	0	分体式空调
fentuan	分团	modern-vocab-audit-p2: frag-np	30000	11966	0	分部类真词
fenzhansai	分站赛	modern-vocab-audit-p2: frag-np	30000	7788	0	赛事标准词
fucou	辐辏	modern-vocab-audit-p2: obscure-classical	30000	5167	0	词典书面词
fugufeng	复古风	modern-vocab-audit-p2: frag-np	30000	15216	0	生活常用词
fuhexing	复合型	modern-vocab-audit-p2: frag-np	30000	14463	0	复合型人才常用
fujie	符节	modern-vocab-audit-p2: word	30000	9829	0	词典词
fulangci	弗朗茨	modern-vocab-audit-p2: name-obscure	30000	12777	0	标准音译名
fuleize	弗雷泽	modern-vocab-audit-p2: name-obscure	30000	13815	0	标准音译常见
fulushouxicai	福禄寿喜财	modern-vocab-audit-p1-ge5: frag-coord	30000	0	0	固定习语
fuqilia	夫妻俩	modern-vocab-audit-p2: frag-grammar	30000	19295	0	口语常用单位
fuwuhao	服务号	modern-vocab-audit-p2: frag-np	30000	0	0	微信术语
fuwuxing	服务性	modern-vocab-audit-p2: frag-np	30000	9862	0	性字派生真词
fuzhouren	福州人	modern-vocab-audit-p2: frag-np	30000	8407	0	常用籍贯词
fuzongjingli	副总经理	modern-vocab-audit-p2: frag-np	30000	9631	0	标准职衔
gaba	嘎巴	modern-vocab-audit-p2: jargon-slice	30000	12261	0	现汉方言词
gaipian	该片	modern-vocab-audit-p2: frag-grammar	30000	16023	0	常用词
gangcun	冈村	modern-vocab-audit-p2: name-obscure	30000	11079	0	著名日姓
gangjiu	港九	modern-vocab-audit-p2: jargon-slice	30000	14036	0	港九固定简称
gangtian	冈田	modern-vocab-audit-p2: name-obscure	30000	9123	0	著名日姓
gannonghuo	干农活	modern-vocab-audit-p2: frag-verb	30000	0	0	高频口语动宾
gaohuodong	搞活动	modern-vocab-audit-p2: frag-verb	30000	0	0	高频口语动宾
gaonandu	高难度	modern-vocab-audit-p2: frag-np	30000	20820	0	高频固定名词
gaonongdu	高浓度	modern-vocab-audit-p2: frag-np	30000	16627	0	常用科技词
gaopinzhi	高品质	modern-vocab-audit-p2: frag-np	30000	18199	0	常用固定词
gaorebutui	高热不退	modern-vocab-audit-p2: frag-np	30000	0	0	医学惯用语
gaoshuiping	高水平	modern-vocab-audit-p2: frag-np	30000	20058	0	常用固定词
geiqian	给钱	modern-vocab-audit-p2: frag-np	30000	24937	0	高频动宾
gejiangxiangwang	隔江相望	modern-vocab-audit-p2: frag-grammar	30000	0	0	固定表达
geleige	格雷格	modern-vocab-audit-p2: name-obscure	30000	15766	0	常用译名
geleisi	格蕾丝	modern-vocab-audit-p2: name-obscure	30000	8155	0	标准音译名
geliqu	隔离区	modern-vocab-audit-p2: word	30000	12476	0	常用场所词
genbenxing	根本性	modern-vocab-audit-p2: frag-np	30000	13808	0	常用词
gerenhua	个人化	modern-vocab-audit-p2: frag-np	30000	14182	0	常用化缀词
gongchuang	共创	modern-vocab-audit-p2: frag-verb	30000	14179	0	现代常用词
gongdianshi	宫殿式	modern-vocab-audit-p2: frag-np	30000	14836	0	常用式字词
gongjiduan	供给端	modern-vocab-audit-p2: jargon-slice	30000	0	0	财经常用术语
gongteng	工藤	modern-vocab-audit-p2: name-obscure	30000	17266	0	著名日姓
guaizou	拐走	modern-vocab-audit-p2: frag-verb	30000	20947	0	真词被拐走
guanchashi	观察使	modern-vocab-audit-p2: jargon-slice	30000	9467	0	唐代官名词
guanfanji	官翻机	modern-vocab-audit-p2: jargon-slice	30000	0	0	数码真词
guanju	观剧	modern-vocab-audit-p2: frag-verb	30000	0	0	现代常用词
guanlianxing	关联性	modern-vocab-audit-p2: frag-np	30000	7877	0	X性成词常用
guanlichu	管理处	modern-vocab-audit-p2: org-local	30000	15649	0	通用机构词
guchengqiang	古城墙	modern-vocab-audit-p2: frag-np	30000	11485	0	常用旅游词
guigongyu	归功于	modern-vocab-audit-p2: frag-grammar	30000	11882	0	固定搭配常用
guijiuyu	归咎于	modern-vocab-audit-p2: frag-grammar	30000	14163	0	固定搭配常用
guixie	跪谢	modern-vocab-audit-p2: word	30000	16071	0	真词网络常用
guojifaner	国际范儿	modern-vocab-audit-p2: frag-np	30000	0	0	流行口语
guojifating	国际法庭	modern-vocab-audit-p2: frag-np	30000	9087	0	通用机构术语
hailunna	海伦娜	modern-vocab-audit-p2: name-obscure	30000	6343	0	常见音译名
halisen	哈里森	modern-vocab-audit-p2: name-obscure	30000	16511	0	极常用译名
hangdian	航点	modern-vocab-audit-p2: jargon-slice	30000	10031	0	无人机术语
hantangyinliao	含糖饮料	modern-vocab-audit-p2: frag-np	30000	0	0	健康标准术语
hanting	喊停	modern-vocab-audit-p2: frag-verb	30000	17295	0	新闻常用动词
haobangyang	好榜样	modern-vocab-audit-p2: frag-np	30000	20714	0	极常用单位
haogandu	好感度	modern-vocab-audit-p2: frag-np	30000	16310	0	网络常用词
haomo	毫末	modern-vocab-audit-p2: word	30000	6992	0	词典书面词
haoshanhaoshui	好山好水	modern-vocab-audit-p2: frag-np	30000	15519	0	固定表达
haoxiaoxi	好消息	modern-vocab-audit-p2: frag-np	30000	26986	0	高频固定搭配
haoxiong	豪雄	modern-vocab-audit-p2: word	30000	5633	0	英雄义真词
hasang	哈桑	modern-vocab-audit-p2: name-obscure	30000	16749	0	常见译名
hate	哈特	modern-vocab-audit-p2: name-obscure	30000	24594	0	常见音译姓
heerman	赫尔曼	modern-vocab-audit-p2: name-obscure	30000	10012	0	常见译名
heisong	黑松	modern-vocab-audit-p2: word	30000	6691	0	植物名兼品牌
heming	鹤鸣	modern-vocab-audit-p2: title-slice	30000	11821	0	文学词
henbang	很棒	modern-vocab-audit-p2: frag-grammar	30000	29796	0	高频口语单位
henbuxiaxin	狠不下心	modern-vocab-audit-p2: frag-verb	30000	0	0	固定口语
henjiu	很久	modern-vocab-audit-p2: frag-grammar	30000	32112	0	高频准词单位
henli	狠戾	modern-vocab-audit-p2: frag-np	30000	6235	0	词典书面词
hennanshuo	很难说	modern-vocab-audit-p2: frag-grammar	30000	24641	0	固定口语
henzhua	狠抓	modern-vocab-audit-p2: frag-verb	30000	14643	0	常用动词
houbanbu	后半部	modern-vocab-audit-p2: frag-np	30000	15569	0	词典常用词
houhou	厚厚	modern-vocab-audit-p2: frag-grammar	30000	23812	0	常用重叠形
houshan	后山	modern-vocab-audit-p2: frag-np	30000	19232	0	常用方位名词
huangchuan	荒川	modern-vocab-audit-p2: name-obscure	30000	10687	0	著名日姓地名
huanhusheng	欢呼声	modern-vocab-audit-p2: frag-np	30000	17058	0	常用词
huanjingzhi	环颈雉	modern-vocab-audit-p2: word	30000	5433	0	鸟类物种名
huaxuezhe	滑雪者	modern-vocab-audit-p2: frag-np	30000	5577	0	常用派生词
huayingangluo	话音刚落	modern-vocab-audit-p2: frag-grammar	30000	12307	0	叙事固定表达
huodongdu	活动度	modern-vocab-audit-p2: word	30000	2367	0	标准医学词
huzeng	互赠	modern-vocab-audit-p2: frag-grammar	30000	10539	0	常用动词
jianang	颊囊	modern-vocab-audit-p2: word	30000	5163	0	动物学真词
jianchulv	检出率	modern-vocab-audit-p2: word	30000	6407	0	标准统计词
jiang	激昂	modern-vocab-audit-p2: bad-pinyin	50000	19597	1	词典词拼接正确
jiangdaoli	讲道理	modern-vocab-audit-p2: frag-verb	30000	24754	0	常用词
jianghanlu	江汉路	modern-vocab-audit-p2: org-local	30000	16633	0	知名街区
jiangqingchu	讲清楚	modern-vocab-audit-p2: frag-grammar	30000	17358	0	常用动补词
jiangshuzhe	讲述者	modern-vocab-audit-p2: frag-np	30000	4804	0	常用者字词
jiangxinzhou	江心洲	modern-vocab-audit-p2: frag-np	30000	8700	0	地理术语
jianpiaochu	检票处	modern-vocab-audit-p2: frag-np	30000	0	0	场站常用词
jianquanren	健全人	modern-vocab-audit-p2: frag-np	30000	11582	0	领域常用词
jianxiawen	见下文	modern-vocab-audit-p2: frag-grammar	30000	6560	0	固定用语见下文
jianyuci	鉴于此	modern-vocab-audit-p2: frag-grammar	30000	0	0	书面固定语
jiaosui	搅碎	modern-vocab-audit-p2: frag-verb	30000	10848	0	常用动补词
jiaotongwei	交通委	modern-vocab-audit-p2: org-local	30000	5866	0	常用机构简称
jibuqing	记不清	modern-vocab-audit-p2: frag-grammar	30000	24615	0	常用动补词
jiedianhua	接电话	modern-vocab-audit-p2: frag-verb	30000	20997	0	超高频动宾
jiefanglu	解放路	modern-vocab-audit-p2: org-local	30000	20394	0	全国通用路名
jielimi	杰里米	modern-vocab-audit-p2: name-obscure	30000	11022	0	常见音译名
jieshoudu	接受度	modern-vocab-audit-p2: frag-np	30000	13384	0	现代常用词
jieshuipan	接水盘	modern-vocab-audit-p2: frag-np	30000	0	0	家电部件名
jiguoqu	寄过去	modern-vocab-audit-p2: frag-verb	30000	19126	0	常用趋向补
jingjuexing	警觉性	modern-vocab-audit-p2: word	30000	7435	0	常用心理词
jingzhundu	精准度	modern-vocab-audit-p2: frag-np	30000	11745	0	现代常用词
jinkong	金控	modern-vocab-audit-p2: jargon-slice	30000	0	0	金融缩略词
jinxienianlai	近些年来	modern-vocab-audit-p2: frag-grammar	30000	9499	0	常用时间语
jinzhankou	进站口	modern-vocab-audit-p2: frag-np	30000	0	0	车站固定设施词
jiuchengxin	九成新	modern-vocab-audit-p2: frag-num	30000	10350	0	二手交易固定语
jiuduyu	就读于	modern-vocab-audit-p2: frag-grammar	30000	11784	0	固定搭配高频
jixingqi	急性期	modern-vocab-audit-p2: word	30000	3468	0	标准医学词
juandaigan	倦怠感	modern-vocab-audit-p2: word	30000	4131	0	常用X感词
juanmo	卷末	modern-vocab-audit-p2: jargon-slice	30000	7061	0	卷首卷末真词
jubanfang	举办方	modern-vocab-audit-p2: frag-np	30000	8913	0	常用名词
juxianghua	具象化	modern-vocab-audit-p2: frag-np	30000	8916	0	常用词
kaer	卡尔	modern-vocab-audit-p2: name-obscure	30000	27921	0	极常用译名
kaijing	开镜	modern-vocab-audit-p2: jargon-slice	30000	11488	0	影视真词
kaikeng	开坑	modern-vocab-audit-p2: frag-verb	30000	0	0	网络常用语
kaite	凯特	modern-vocab-audit-p2: name-obscure	30000	22142	0	常用译名
kaiwen	凯文	modern-vocab-audit-p2: name-obscure	30000	23620	0	常见译名
kaixueji	开学季	modern-vocab-audit-p2: frag-np	30000	0	0	现代常用词
kalun	卡伦	modern-vocab-audit-p2: name-obscure	30000	17881	0	常见音译名
kaluosi	卡洛斯	modern-vocab-audit-p2: name-obscure	30000	19071	0	常见音译名
kamen	卡门	modern-vocab-audit-p2: name-obscure	30000	18823	0	著名歌剧
kanbeier	坎贝尔	modern-vocab-audit-p2: name-obscure	30000	14485	0	标准音译姓
kanbuchulai	看不出来	modern-vocab-audit-p2: frag-verb	30000	25316	0	口语常用单位
kanbudao	看不到	modern-vocab-audit-p2: frag-verb	30000	34949	0	口语常用单位
kandedong	看得懂	modern-vocab-audit-p2: frag-verb	30000	21062	0	口语常用单位
kandianying	看电影	modern-vocab-audit-p2: frag-verb	30000	0	0	高频动宾
kandiao	砍掉	modern-vocab-audit-p2: frag-verb	30000	17369	0	常用动词
kanglade	康拉德	modern-vocab-audit-p2: name-obscure	30000	10426	0	常见译名
kaolvdao	考虑到	modern-vocab-audit-p2: frag-verb	30000	0	0	词汇化动补
kechuang	科创	modern-vocab-audit-p2: jargon-slice	30000	13473	0	科创板常用缩略
kelala	克拉拉	modern-vocab-audit-p2: name-obscure	30000	16128	0	常见译名
kelamayishi	克拉玛依市	modern-vocab-audit-p1-ge5: admin-suffix	300	3861	0	真实城市名
kentanhui	恳谈会	modern-vocab-audit-p2: jargon-slice	30000	7585	0	正式会议用词
kente	肯特	modern-vocab-audit-p2: name-obscure	30000	17891	0	常用译名
kuadiao	垮掉	modern-vocab-audit-p2: frag-verb	30000	21526	0	常用动词
kuanren	宽仁	modern-vocab-audit-p2: word	30000	6851	0	词典词
kuerte	库尔特	modern-vocab-audit-p2: name-obscure	30000	12972	0	标准音译名
lachu	拉出	modern-vocab-audit-p2: frag-verb	30000	23064	0	常用动补
laerfu	拉尔夫	modern-vocab-audit-p2: name-obscure	30000	15946	0	常见译名
laijing	来京	modern-vocab-audit-p2: frag-verb	30000	17694	0	新闻常用
lanqiumi	篮球迷	modern-vocab-audit-p2: frag-np	30000	11513	0	球迷类真词
lanqiusai	篮球赛	modern-vocab-audit-p2: frag-np	30000	19495	0	常用词
laodongmijixing	劳动密集型	modern-vocab-audit-p1-ge5: lead-flip	30000	10174	0	固定术语
laofangzi	老房子	modern-vocab-audit-p2: frag-np	30000	18313	0	口语常用单位
laoniangongyu	老年公寓	modern-vocab-audit-p2: frag-np	30000	8470	0	固定设施名
laotongzhi	老同志	modern-vocab-audit-p2: frag-np	30000	16815	0	常用称谓词
laoyidai	老一代	modern-vocab-audit-p2: word	30000	13503	0	常用词
larentou	拉人头	modern-vocab-audit-p2: frag-verb	30000	0	0	固定惯用语
lasaier	拉塞尔	modern-vocab-audit-p2: name-obscure	30000	14289	0	常见译名
leimang	勒芒	modern-vocab-audit-p2: geo-real	30000	4193	0	知名赛事地
leimengde	雷蒙德	modern-vocab-audit-p2: name-obscure	30000	17378	0	常见译名
leixinghua	类型化	modern-vocab-audit-p2: frag-np	30000	7422	0	学术常用词
lian	立案	modern-vocab-audit-p2: bad-pinyin	35000	23257	1	真词全拼合
lianchuang	联创	modern-vocab-audit-p2: jargon-slice	30000	7387	0	创投常用缩略
liangge	两个	modern-vocab-audit-p2: frag-num	50000	37861	0	数量常用
liangming	两名	modern-vocab-audit-p2: frag-num	35000	19641	0	数量常用
liangtian	两天	modern-vocab-audit-p2: frag-num	40000	33881	0	数量常用
liangwei	两位	modern-vocab-audit-p2: frag-num	35000	26258	0	数量常用
liangye	良夜	modern-vocab-audit-p2: word	30000	9963	0	词典词
liangzhong	两种	modern-vocab-audit-p2: frag-num	35000	27310	0	数量常用
lianjiechu	连接处	modern-vocab-audit-p2: frag-np	30000	14019	0	常用方位词
lilunshang	理论上	modern-vocab-audit-p2: frag-grammar	30000	0	0	常用固定副词
lingbing	领兵	modern-vocab-audit-p2: frag-verb	30000	12189	0	真词领兵打仗
linianlai	历年来	modern-vocab-audit-p2: frag-grammar	30000	10963	0	固定副词
linyeju	林业局	modern-vocab-audit-p2: org-local	30000	9754	0	标准机构词
lishishuju	历史数据	modern-vocab-audit-p2: frag-np	30000	7477	0	固定常用术语
litigan	立体感	modern-vocab-audit-p2: frag-np	30000	16524	0	常用名词
liunianji	六年级	modern-vocab-audit-p2: frag-num	30000	20105	0	常用年级词
liuqishi	六七十	modern-vocab-audit-p2: frag-num	30000	18783	0	常用概数
liusi	六四	modern-vocab-audit-p2: frag-num	30000	16153	0	固定历史指称
liuyisi	刘易斯	modern-vocab-audit-p2: name-obscure	30000	18777	0	极常用音译名
lixianji	历险记	modern-vocab-audit-p2: frag-np	30000	15181	0	常用词
lizuyu	立足于	modern-vocab-audit-p2: frag-grammar	30000	10848	0	固定动介词
longwangmiao	龙王庙	modern-vocab-audit-p2: org-local	30000	11517	0	通用文化词
louqun	楼群	modern-vocab-audit-p2: frag-np	30000	10099	0	词典词楼群
luancai	乱猜	modern-vocab-audit-p2: frag-verb	30000	15622	0	口语常用
luanjun	乱军	modern-vocab-audit-p2: frag-np	30000	10422	0	固定名词
luanshoufei	乱收费	modern-vocab-audit-p2: frag-verb	30000	13740	0	定型词
ludaofu	鲁道夫	modern-vocab-audit-p2: name-obscure	30000	10099	0	标准音译名
luobinsen	罗宾森	modern-vocab-audit-p2: name-obscure	30000	7251	0	标准音译姓
luoni	罗尼	modern-vocab-audit-p2: name-obscure	30000	19798	0	常见音译名
luoxuansai	落选赛	modern-vocab-audit-p2: frag-np	30000	6907	0	篮球固定赛事词
luyinqi	录音器	modern-vocab-audit-p2: frag-np	30000	6442	0	真实器物词
lvezou	掠走	modern-vocab-audit-p2: frag-verb	30000	11443	0	常用动补词
maibudao	买不到	modern-vocab-audit-p2: frag-verb	30000	25118	0	高频口语单位
maidai	卖呆	modern-vocab-audit-p2: jargon-slice	30000	10968	0	现汉方言词
maikaxi	麦卡锡	modern-vocab-audit-p2: name-obscure	30000	19002	0	标准音译姓
maitoukudu	埋头苦读	modern-vocab-audit-p2: frag-verb	30000	0	0	四字惯用语
makesi	马克斯	modern-vocab-audit-p2: name-obscure	30000	16657	0	常用译名
manjuan	漫卷	modern-vocab-audit-p2: word	30000	9137	0	文学词
meibiyao	没必要	modern-vocab-audit-p2: frag-grammar	30000	0	0	固定口语
meifang	美方	modern-vocab-audit-p2: frag-np	30000	21264	0	外交常用词
meiou	美欧	modern-vocab-audit-p2: frag-np	30000	0	0	新闻常用并称
miaobian	秒变	modern-vocab-audit-p2: frag-verb	30000	18180	0	网络常用动词
mingchun	明春	modern-vocab-audit-p2: frag-np	30000	7251	0	词典词:明年春天
minggenzi	命根子	modern-vocab-audit-p2: word	30000	17047	0	词典惯用语
minran	泯然	modern-vocab-audit-p2: word	30000	0	0	书面真词
minshangshi	民商事	modern-vocab-audit-p2: jargon-slice	30000	2367	0	法律术语
minzuzhuyizhe	民族主义者	modern-vocab-audit-p1-ge5: lead-flip	30000	10361	0	词典词高频
mishuchu	秘书处	modern-vocab-audit-p2: org-local	30000	15760	0	词典机构词
monika	莫妮卡	modern-vocab-audit-p2: name-obscure	30000	19429	0	标准音译名
moumouren	某某人	modern-vocab-audit-p2: frag-grammar	30000	15141	0	固定泛指表达
mucun	木村	modern-vocab-audit-p2: name-obscure	30000	16003	0	著名日姓
nagei	拿给	modern-vocab-audit-p2: frag-grammar	30000	20806	0	口语V给常用
naibuzhu	耐不住	modern-vocab-audit-p2: frag-verb	30000	18949	0	常用可能补
nakuai	那块	modern-vocab-audit-p2: frag-grammar	30000	22894	0	口语常用单位
nanbeixiang	南北向	modern-vocab-audit-p2: frag-np	30000	13882	0	常用方位词
nanyong	难用	modern-vocab-audit-p2: frag-grammar	30000	17944	0	口语常用
naohaizhong	脑海中	modern-vocab-audit-p2: frag-grammar	30000	19041	0	高频凝固方位
nayou	哪有	modern-vocab-audit-p2: frag-grammar	30000	0	0	高频口语
neikou	内扣	modern-vocab-audit-p2: jargon-slice	30000	15829	0	多域常用词
neishengxing	内生性	modern-vocab-audit-p2: word	30000	6267	0	经济学术语
niancuo	念错	modern-vocab-audit-p2: frag-verb	30000	13684	0	常用动补词
nianqingtai	年轻态	modern-vocab-audit-p2: frag-np	30000	0	0	流行固定词
nianyueri	年月日	modern-vocab-audit-p2: frag	30000	6504	0	固定单位
nieleyibahan	捏了一把汗	modern-vocab-audit-p1-ge5: frag-clause	30000	8535	0	惯用语高频
niersi	尼尔斯	modern-vocab-audit-p2: name-obscure	30000	9305	0	著名译名
ningxinjuli	凝心聚力	modern-vocab-audit-p2: frag-np	30000	0	0	固定四字语
niuheiwen	纽黑文	modern-vocab-audit-p2: geo-real	30000	0	0	知名地名
nuodun	诺顿	modern-vocab-audit-p2: name-obscure	30000	13793	0	知名品牌
paiqiusai	排球赛	modern-vocab-audit-p2: frag-np	30000	10564	0	常用复合词
panhou	盘后	modern-vocab-audit-p2: jargon-slice	30000	0	0	股市真词
panzhong	盘中	modern-vocab-audit-p2: frag-grammar	30000	11715	0	财经固定词
piaorao	飘绕	modern-vocab-audit-p2: word	30000	0	0	词典词
pingchangren	平常人	modern-vocab-audit-p2: frag-np	30000	18097	0	常用词普通人
pingluan	平乱	modern-vocab-audit-p2: word	30000	8838	0	词典词
pingrili	平日里	modern-vocab-audit-p2: frag-grammar	30000	0	0	固定口语表达
pinpaihua	品牌化	modern-vocab-audit-p2: frag-np	30000	8322	0	常用词
pujihua	普及化	modern-vocab-audit-p2: frag-np	30000	10977	0	常用词
puladuo	普拉多	modern-vocab-audit-p2: name-obscure	30000	6343	0	知名车型
qianbainianlai	千百年来	modern-vocab-audit-p2: frag-grammar	30000	12830	0	固定表达
qiandongnanmiaozudongzuzizhizhou	黔东南苗族侗族自治州	modern-vocab-audit-p1-ge5: admin-suffix	30000	8407	0	真实州名有语料
qiangcichang	强磁场	modern-vocab-audit-p2: frag-np	30000	6109	0	物理术语
qiangyizi	抢椅子	modern-vocab-audit-p2: frag-verb	30000	0	0	游戏固定名
qianjinian	前几年	modern-vocab-audit-p2: frag-num	30000	0	0	常用时间词
qiannanbuyizumiaozuzizhizhou	黔南布依族苗族自治州	modern-vocab-audit-p1-ge5: admin-suffix	30000	8078	0	真实州名有语料
qianxienian	前些年	modern-vocab-audit-p2: frag-grammar	30000	15047	0	常用时间词
qianxinanbuyizumiaozuzizhizhou	黔西南布依族苗族自治州	modern-vocab-audit-p1-ge5: admin-suffix	30000	7700	0	真实州名有语料
qianzhengfei	签证费	modern-vocab-audit-p2: frag-np	30000	10629	0	真实费用词
qidonghui	启动会	modern-vocab-audit-p2: frag-np	30000	0	0	常见会议类型词
qieyiwei	窃以为	modern-vocab-audit-p2: word	30000	11465	0	固定表达
qifaxing	启发性	modern-vocab-audit-p2: frag-np	30000	10841	0	X性成词常用
qijianji	旗舰机	modern-vocab-audit-p2: frag-np	30000	14730	0	数码常用词
qinglei	清泪	modern-vocab-audit-p2: frag-np	30000	9795	0	文学常用词
qingui	亲贵	modern-vocab-audit-p2: word	30000	7296	0	词典词
qinsui	亲随	modern-vocab-audit-p2: obscure-classical	30000	9320	0	词典词随从
qishixing	歧视性	modern-vocab-audit-p2: frag-np	30000	11175	0	性字派生真词
qitaren	其他人	modern-vocab-audit-p2: frag-grammar	30000	33868	0	高频整体单位
qiubian	求变	modern-vocab-audit-p2: frag-np	30000	15688	0	常用词
qiujue	秋决	modern-vocab-audit-p2: jargon-slice	30000	2367	0	历史处决真词
qiuran	虬髯	modern-vocab-audit-p2: jargon-slice	30000	5073	0	虬髯文言真词
quanan	全案	modern-vocab-audit-p2: frag-np	30000	10314	0	台新闻常用词
quanjiaren	全家人	modern-vocab-audit-p2: frag-grammar	30000	23985	0	高频凝固称谓
quanjingsheng	全景声	modern-vocab-audit-p2: jargon-slice	25000	0	0	杜比全景声术语
quanjingshi	全景式	modern-vocab-audit-p2: frag-np	30000	8700	0	常用式字词
quanlve	权略	modern-vocab-audit-p2: word	30000	5922	0	词典词
quniandi	去年底	modern-vocab-audit-p2: frag-grammar	30000	16670	1	词典收录
quzhongjiehua	去中介化	modern-vocab-audit-p2: frag-grammar	30000	0	0	经济术语
ranhong	染红	modern-vocab-audit-p2: frag-verb	30000	16685	0	足球义常用
raobukai	绕不开	modern-vocab-audit-p2: frag-grammar	30000	0	0	常用动补词
raocheng	绕城	modern-vocab-audit-p2: frag-np	30000	15631	0	常用单位
raokai	绕开	modern-vocab-audit-p2: frag-verb	30000	15809	0	真动词常用
rengwei	仍未	modern-vocab-audit-p2: frag-grammar	30000	21275	0	高频副词连用
renlichengben	人力成本	modern-vocab-audit-p2: frag-np	30000	0	0	商业固定词
renshang	任上	modern-vocab-audit-p2: frag-grammar	30000	0	0	词典词
renwenhuanjing	人文环境	modern-vocab-audit-p2: frag-np	30000	11614	0	固定复合词
renwudiaodu	任务调度	modern-vocab-audit-p2: frag-np	30000	0	0	计算机标准术语
rouqiu	肉球	modern-vocab-audit-p2: frag-np	30000	16540	0	宠物常用词
rujiu	如旧	modern-vocab-audit-p2: word	30000	15509	0	词典词
saina	塞纳	modern-vocab-audit-p2: name-obscure	30000	16811	0	常用译名
saixiaqu	塞下曲	modern-vocab-audit-p2: title-slice	30000	5073	0	经典乐府诗题
sanben	三本	modern-vocab-audit-p2: frag-num	30000	21252	0	高校批次常用
sanbubingzuoliangbu	三步并作两步	modern-vocab-audit-p1-ge5: lead-flip	30000	4422	0	惯用语
sange	三个	modern-vocab-audit-p2: frag-num	50000	34138	0	数量常用
sanming	三名	modern-vocab-audit-p2: frag-num	35000	22282	0	数量常用
sannian	三年	modern-vocab-audit-p2: frag-num	30000	32483	0	数量常用
sanpu	三浦	modern-vocab-audit-p2: name-obscure	30000	11536	0	著名日姓
sanqin	三嗪	modern-vocab-audit-p2: jargon-slice	30000	3861	0	化学标准术语
sanwuge	三五个	modern-vocab-audit-p2: frag-num	30000	12771	0	常用概数
sanxingji	三星级	modern-vocab-audit-p2: frag-num	30000	9123	0	常用等级词
sanzhong	三种	modern-vocab-audit-p2: frag-num	30000	23590	0	数量常用
saofuren	嫂夫人	modern-vocab-audit-p2: word	30000	11006	0	词典敬称
saotou	搔头	modern-vocab-audit-p2: rare-lib	30000	7763	0	词典词
sasha	萨沙	modern-vocab-audit-p2: name-obscure	30000	15385	0	极常用译名
shangchangmen	上场门	modern-vocab-audit-p2: jargon-slice	30000	0	0	戏曲词典词
shangjuan	上卷	modern-vocab-audit-p2: frag-np	30000	14028	0	词典词
shangxuan	上选	modern-vocab-audit-p2: rare-lib	30000	17530	0	词典词
shangyinian	上一年	modern-vocab-audit-p2: frag-grammar	30000	19771	0	常用时间单位
shanjiaoxia	山脚下	modern-vocab-audit-p2: frag-grammar	30000	20395	0	常用方位词
shanshang	山上	modern-vocab-audit-p2: frag-grammar	30000	31539	0	常用方位词
shanshanshuishui	山山水水	modern-vocab-audit-p2: frag-grammar	30000	10012	0	固定表达
shantian	山田	modern-vocab-audit-p2: name-obscure	30000	17948	0	著名日姓
shaobang	少棒	modern-vocab-audit-p2: jargon-slice	30000	8934	0	台常用词
shaotang	少糖	modern-vocab-audit-p2: frag-np	30000	0	0	点单常用词
shashafenbuqing	傻傻分不清	modern-vocab-audit-p1-ge5: frag-clause	30000	0	0	网络常用语
shejidui	射击队	modern-vocab-audit-p2: frag-np	30000	3861	0	标准队名词
shenbiaoyihan	深表遗憾	modern-vocab-audit-p2: frag-np	30000	11502	0	固定表达
shenghuohua	生活化	modern-vocab-audit-p2: frag-np	30000	15080	0	常用X化词
shengrihui	生日会	modern-vocab-audit-p2: frag-np	30000	20397	0	现代常用词
shida	十大	modern-vocab-audit-p2: frag-num	30000	23490	0	统称常用
shidui	石堆	modern-vocab-audit-p2: frag-np	30000	9449	0	常用名词石堆
shiduonian	十多年	modern-vocab-audit-p2: frag-num	30000	24634	0	常用时段
shifanxing	示范性	modern-vocab-audit-p2: frag-np	30000	9547	0	性字派生真词
shijieershang	拾阶而上	modern-vocab-audit-p2: frag-verb	30000	0	0	常用四字语
shijieguanjun	世界冠军	modern-vocab-audit-p2: frag-np	30000	16539	0	固定常用词
shijieshang	世界上	modern-vocab-audit-p2: frag-grammar	30000	0	0	高频常用
shinian	十年	modern-vocab-audit-p2: frag-num	35000	32870	0	数量常用
shinvtu	仕女图	modern-vocab-audit-p2: frag-np	30000	8325	0	固定艺术名词
shisuhua	世俗化	modern-vocab-audit-p2: frag-np	30000	12611	0	学术常用词
shiyinwei	是因为	modern-vocab-audit-p2: frag-grammar	35000	38501	0	常用连语
shiyixia	试一下	modern-vocab-audit-p2: frag-grammar	30000	23413	0	口语常用
shiyongyu	适用于	modern-vocab-audit-p2: frag-grammar	30000	0	0	书面固定语
shiyunhui	世运会	modern-vocab-audit-p2: title-slice	30000	0	0	赛事标准简称
shoudie	收跌	modern-vocab-audit-p2: jargon-slice	30000	0	0	行情真词
shouhuopofeng	收获颇丰	modern-vocab-audit-p2: frag-np	30000	0	0	常用四字语
shouhuren	守护人	modern-vocab-audit-p2: frag-np	30000	10264	0	常用词
shouhuzhe	守护者	modern-vocab-audit-p2: frag-np	30000	15487	0	常用者字词
shoukuai	手快	modern-vocab-audit-p2: frag-np	30000	22800	0	真词眼明手快
shoupianzhe	受骗者	modern-vocab-audit-p2: frag	30000	5930	0	新闻常用词
shourouzhou	瘦肉粥	modern-vocab-audit-p2: frag-np	30000	15877	0	常见菜名
shouzhiyu	受制于	modern-vocab-audit-p2: frag-grammar	30000	13488	0	固定动介词
shuaixialai	摔下来	modern-vocab-audit-p2: frag-verb	30000	16342	0	常用趋向补语
shuangpai	双排	modern-vocab-audit-p2: frag-num	30000	18411	0	游戏常用词
shuangse	双色	modern-vocab-audit-p2: frag-np	30000	16690	0	常用词双色球
shuikou	水口	modern-vocab-audit-p2: word	30000	18053	0	词典词
shujuanquanfa	数据安全法	modern-vocab-audit-p1-ge5: doc-title	30000	0	0	法律专名
shuobuqing	说不清	modern-vocab-audit-p2: frag-verb	30000	25783	0	凝固可能补语
sige	四个	modern-vocab-audit-p2: frag-num	40000	32508	0	数量常用
sijidu	四季度	modern-vocab-audit-p2: frag-num	30000	10610	0	财经常用单位
sikai	撕开	modern-vocab-audit-p2: frag-verb	30000	21518	0	真词动词
siming	四名	modern-vocab-audit-p2: frag-num	30000	19484	0	数量常用
sitake	斯塔克	modern-vocab-audit-p2: name-obscure	30000	13764	0	常见译名
sitela	斯特拉	modern-vocab-audit-p2: name-obscure	30000	18983	0	常见音译名
sitelin	斯特林	modern-vocab-audit-p2: name-obscure	30000	11487	0	常见译名
sixingji	四星级	modern-vocab-audit-p2: frag-num	30000	14006	0	常用等级词
songgang	松冈	modern-vocab-audit-p2: name-obscure	30000	7477	0	著名日姓
songwang	送往	modern-vocab-audit-p2: frag-verb	30000	22851	0	常用动介词
sufeiya	苏菲亚	modern-vocab-audit-p2: name-obscure	30000	16098	0	常见音译名
suizi	穗子	modern-vocab-audit-p2: name-obscure	30000	14300	0	穗子真词流苏
suochu	所处	modern-vocab-audit-p2: frag-grammar	30000	18980	0	所字固定结构
suosisuoxiang	所思所想	modern-vocab-audit-p2: frag-grammar	30000	0	0	固定四字表达
taidao	台岛	modern-vocab-audit-p2: frag-np	30000	7404	0	时事常用
taiguocai	泰国菜	modern-vocab-audit-p2: word	30000	16186	0	常用菜系词
tailang	太郎	modern-vocab-audit-p2: name-obscure	30000	22578	0	常见日名通称
tanbaishuo	坦白说	modern-vocab-audit-p2: frag-grammar	30000	13630	0	固定口语
tangguohe	糖果盒	modern-vocab-audit-p2: frag-np	30000	7552	0	自然复合名词
tangmusen	汤姆森	modern-vocab-audit-p2: name-obscure	30000	9021	0	标准音译姓
tangmuyi	汤沐邑	modern-vocab-audit-p2: cold-lib	30000	5527	0	历史词典词
tangxialai	躺下来	modern-vocab-audit-p2: frag-verb	30000	13489	0	口语常用单位
taochulai	逃出来	modern-vocab-audit-p2: frag-verb	30000	15673	0	常用趋向补语
tebieshi	特别是	modern-vocab-audit-p2: frag-grammar	30000	0	0	固定话语词
tedaxing	特大型	modern-vocab-audit-p2: frag-np	30000	10055	0	标准规格词
tengtonggan	疼痛感	modern-vocab-audit-p2: word	30000	7587	0	常用医学词
tengyuan	藤原	modern-vocab-audit-p2: name-obscure	30000	15781	0	著名日姓
tianxiashi	天下事	modern-vocab-audit-p2: frag-np	30000	14630	0	熟语常用单位
tiaoshuidui	跳水队	modern-vocab-audit-p2: frag-np	30000	8049	0	常用球队类词
tidaixing	替代性	modern-vocab-audit-p2: frag-np	30000	10457	0	常用派生词
tigongdui	体工队	modern-vocab-audit-p2: word	30000	5895	0	体制真词
tilihuo	体力活	modern-vocab-audit-p2: word	30000	17773	0	口语常用词
tingshengbianwei	听声辨位	modern-vocab-audit-p2: frag-verb	30000	0	0	固定四字表达
tiqiu	踢球	modern-vocab-audit-p2: frag-np	30000	27094	0	常用动词
tongdai	统带	modern-vocab-audit-p2: word	30000	11076	0	旧军职真词
tonghuxigongmingyun	同呼吸共命运	modern-vocab-audit-p1-ge5: slogan	30000	7232	0	固定习语有语料
tongxuemen	同学们	modern-vocab-audit-p2: frag-grammar	30000	23320	0	高频称呼单位
tongzhong	同种	modern-vocab-audit-p2: frag-np	30000	16241	0	词典词同种
touguanglv	透光率	modern-vocab-audit-p2: word	30000	7763	0	标准物理词
toujingbu	头颈部	modern-vocab-audit-p2: frag-np	30000	5527	0	标准解剖词
touliu	投流	modern-vocab-audit-p2: jargon-slice	30000	0	0	网络营销词
touminghua	透明化	modern-vocab-audit-p2: frag-np	30000	11656	0	常用词
toumingxing	透明性	modern-vocab-audit-p2: frag-np	30000	7819	0	X性成词常用
tousuxin	投诉信	modern-vocab-audit-p2: frag-np	30000	9263	0	常用信件类词
touzou	偷走	modern-vocab-audit-p2: frag-verb	30000	28617	0	高频动补单位
tugexinxian	图个新鲜	modern-vocab-audit-p2: frag-grammar	30000	0	0	口语惯用语
tuidui	退队	modern-vocab-audit-p2: frag-verb	30000	0	0	常用动词
tuigei	推给	modern-vocab-audit-p2: frag-grammar	30000	18840	0	口语V给常用
tuijianxing	推荐性	modern-vocab-audit-p2: frag-np	30000	7660	0	标准术语常用
waikuo	外廓	modern-vocab-audit-p2: frag-np	30000	4734	0	词典书面词
wainao	外脑	modern-vocab-audit-p2: jargon-slice	30000	7552	0	真实借喻词
waipojia	外婆家	modern-vocab-audit-p2: frag-np	30000	21442	0	常用口语
wangfanpao	往返跑	modern-vocab-audit-p2: frag-verb	30000	0	0	体测项目名
wangfushi	往复式	modern-vocab-audit-p2: frag-np	30000	5899	0	机械术语
wanquanban	完全版	modern-vocab-audit-p2: frag-np	30000	10364	0	媒体固定词
wanxieshihou	晚些时候	modern-vocab-audit-p2: frag-grammar	30000	15829	0	新闻固定表达
waxili	瓦西里	modern-vocab-audit-p2: name-obscure	30000	13279	0	标准俄名音译
weierxun	威尔逊	modern-vocab-audit-p2: name-obscure	30000	18860	0	常见译名
weifaxingwei	违法行为	modern-vocab-audit-p2: frag-np	30000	13676	0	法律常用术语
weikuanren	尾款人	modern-vocab-audit-p2: frag-np	45000	0	0	网络流行词
weizhuangzhe	伪装者	modern-vocab-audit-p2: title-slice	30000	16369	0	常用者字词
wenduan	文段	modern-vocab-audit-p2: jargon-slice	30000	10771	0	语文常用词
wenguanguo	文冠果	modern-vocab-audit-p2: word	30000	7896	0	真实植物名
wengyu	蓊郁	modern-vocab-audit-p2: jargon-slice	30000	6801	0	词典词
wenruan	温软	modern-vocab-audit-p2: word	30000	12289	0	词典词
wenshidu	温湿度	modern-vocab-audit-p2: jargon-slice	30000	8978	0	温湿度计常用
wensidun	温斯顿	modern-vocab-audit-p2: name-obscure	30000	15983	0	极常用音译名
wenxuejiang	文学奖	modern-vocab-audit-p2: frag-np	30000	17239	0	常用名词
woerfu	沃尔夫	modern-vocab-audit-p2: name-obscure	30000	16044	0	常见译名
woerte	沃尔特	modern-vocab-audit-p2: name-obscure	30000	21511	0	常见译名
wojin	握紧	modern-vocab-audit-p2: frag-verb	30000	20747	0	常用动词
wuda	五大	modern-vocab-audit-p2: frag-num	30000	23865	0	统称常用
wuge	五个	modern-vocab-audit-p2: frag-num	40000	29076	0	数量常用
wuheyi	五合一	modern-vocab-audit-p2: frag-num	30000	8217	0	定型产品词
wunian	五年	modern-vocab-audit-p2: frag-num	35000	30160	0	数量常用
wurenwei	误认为	modern-vocab-audit-p2: frag-verb	30000	17953	0	常用动词单位
xiachangmen	下场门	modern-vocab-audit-p2: jargon-slice	30000	0	1	CEDICT收录
xiahenshou	下狠手	modern-vocab-audit-p2: frag-verb	30000	0	0	口语固定表达
xialuote	夏洛特	modern-vocab-audit-p2: name-obscure	30000	23767	0	极常用译名
xiangbanfa	想办法	modern-vocab-audit-p2: frag-verb	30000	0	0	常用固定动词短语
xiangdedao	想得到	modern-vocab-audit-p2: frag-grammar	30000	23241	0	高频可能补语
xiangei	献给	modern-vocab-audit-p2: frag-verb	30000	27530	0	常用动词
xiangjiehe	相结合	modern-vocab-audit-p2: frag-grammar	30000	19375	0	常用固定单位
xiangqinmen	乡亲们	modern-vocab-audit-p2: frag-grammar	30000	14002	0	常用称呼语
xianjingongzuozhe	先进工作者	modern-vocab-audit-p1-ge5: lead-flip	30000	0	0	固定称号
xianshizhuyizhe	现实主义者	modern-vocab-audit-p1-ge5: lead-flip	30000	13465	0	词典词高频
xianzhixing	限制性	modern-vocab-audit-p2: frag-np	30000	15246	0	性字派生真词
xiaobaobao	小宝宝	modern-vocab-audit-p2: word	30000	24216	0	口语常用词
xiaochuang	小窗	modern-vocab-audit-p2: frag-np	30000	16395	0	网络常用词
xiaoerjing	小而精	modern-vocab-audit-p2: frag-grammar	30000	10522	0	常用固定表达
xiaofeiliang	消费量	modern-vocab-audit-p2: frag-np	30000	7624	0	统计常用词
xiaoguniang	小姑娘	modern-vocab-audit-p2: frag-np	30000	31096	0	词典高频口语词
xiaohongdian	小红点	modern-vocab-audit-p2: word	30000	14373	0	现代常用词
xiaojizhuomi	小鸡啄米	modern-vocab-audit-p2: frag-np	30000	0	0	惯用比喻语
xiaolingdao	校领导	modern-vocab-audit-p2: frag-np	30000	10852	0	常用固定称谓
xiaoman	小嫚	modern-vocab-audit-p2: word	30000	0	0	青岛方言词
xiaonvhai	小女孩	modern-vocab-audit-p2: frag-np	30000	24860	0	高频常用词
xiaoshipin	小视频	modern-vocab-audit-p2: frag-np	30000	3239	0	网络常用词
xiaoshitou	小石头	modern-vocab-audit-p2: frag-np	30000	16090	0	口语常用
xinchuan	薪传	modern-vocab-audit-p2: frag-np	30000	0	1	CEDICT收录词
xinjiaporen	新加坡人	modern-vocab-audit-p2: frag-grammar	30000	13172	0	常用国民称呼
xinkegai	新课改	modern-vocab-audit-p2: jargon-slice	30000	8315	0	教育固定术语
xinqixiang	新气象	modern-vocab-audit-p2: frag-np	30000	21898	0	固定搭配
xinwenxi	新闻系	modern-vocab-audit-p2: frag-np	30000	6069	0	常用系科名
xinxi	心系	modern-vocab-audit-p2: frag-np	35000	19975	0	心系天下常用
xinxiandu	新鲜度	modern-vocab-audit-p2: frag-np	30000	12554	0	常用派生词
xinxiangan	新鲜感	modern-vocab-audit-p2: frag-np	30000	23424	0	词汇化常用词
xiongjun	雄峻	modern-vocab-audit-p2: jargon-slice	30000	4652	0	雄峻险峻真词
xiuxiqu	休息区	modern-vocab-audit-p2: frag-np	30000	13055	0	常用词
xizhan	西站	modern-vocab-audit-p2: frag-np	30000	20527	0	高频车站单位
xuexizhe	学习者	modern-vocab-audit-p2: frag-np	30000	10969	0	常用名词
xunlianguan	训练馆	modern-vocab-audit-p2: word	30000	10944	0	常用场馆词
xunmian	训勉	modern-vocab-audit-p2: word	30000	1493	0	训诫勉励真词
yagebu	雅各布	modern-vocab-audit-p2: name-obscure	30000	20118	0	标准音译名
yalun	亚伦	modern-vocab-audit-p2: name-obscure	30000	19092	0	常见译名
yangmiu	佯谬	modern-vocab-audit-p2: frag-np	30000	0	0	物理词典词
yangtie	洋铁	modern-vocab-audit-p2: word	20000	6464	0	词典旧词
yanhoubu	咽喉部	modern-vocab-audit-p2: word	30000	3239	0	标准解剖词
yanjiuhui	研究会	modern-vocab-audit-p2: frag-np	30000	17142	0	常用机构类型词
yansong	偃松	modern-vocab-audit-p2: jargon-slice	30000	2367	0	偃松植物真词
yaobuyao	要不要	modern-vocab-audit-p2: frag-grammar	30000	0	0	高频口语
yaohu	妖狐	modern-vocab-audit-p2: jargon-slice	30000	12646	0	真词狐妖义
yeguiren	夜归人	modern-vocab-audit-p2: title-slice	30000	12189	0	固定表达
yeshi	也是	modern-vocab-audit-p2: frag-grammar	35000	0	0	高频常用
yibai	一百	modern-vocab-audit-p2: frag-num	40000	37081	0	常用数词
yibu	一步	modern-vocab-audit-p2: frag-num	40000	33639	0	数量常用
yibubu	一步步	modern-vocab-audit-p2: frag-grammar	30000	24244	0	常用副词单位
yichang	一场	modern-vocab-audit-p2: frag-num	35000	32557	0	数量常用
yichu	一处	modern-vocab-audit-p2: frag-num	60000	22911	0	数量常用
yidaban	一大半	modern-vocab-audit-p2: frag-num	30000	19883	0	词典固定词
yien	伊恩	modern-vocab-audit-p2: name-obscure	30000	19740	0	常用译名
yifenzi	一份子	modern-vocab-audit-p2: frag-num	30000	0	0	固定表达一分子
yigu	一股	modern-vocab-audit-p2: frag-num	30000	27216	0	数量常用
yijia	一架	modern-vocab-audit-p2: frag-num	30000	26338	0	数量常用
yijiasankou	一家三口	modern-vocab-audit-p2: frag-num	30000	0	0	固定表达
yijidu	一季度	modern-vocab-audit-p2: frag-num	30000	14305	0	财经常用季度
yijing	译经	modern-vocab-audit-p2: word	25000	8842	0	词典词
yikaishi	一开始	modern-vocab-audit-p2: frag-grammar	30000	0	0	固定副词常用
yike	一颗	modern-vocab-audit-p2: frag-num	30000	30441	0	数量常用
yikuan	一款	modern-vocab-audit-p2: frag-num	35000	27512	0	数量常用
yilaizheng	依赖症	modern-vocab-audit-p2: frag-np	30000	10968	0	常用类词单位
yiliangtian	一两天	modern-vocab-audit-p2: frag-num	30000	20510	0	常用约数表达
yimengshanqu	沂蒙山区	modern-vocab-audit-p2: frag-np	30000	6824	0	知名地理专名
yiming	一名	modern-vocab-audit-p2: frag-num	35000	32099	0	数量常用
yinbixing	隐蔽性	modern-vocab-audit-p2: frag-np	30000	9167	0	X性成词常用
yinfang	印方	modern-vocab-audit-p2: frag-np	30000	7700	0	外交常用缩略
yingwenge	英文歌	modern-vocab-audit-p2: frag-np	30000	18197	0	口语常用名词
yingwenming	英文名	modern-vocab-audit-p2: frag-np	30000	20172	0	常用词
yingyangcan	营养餐	modern-vocab-audit-p2: word	30000	7992	0	常用名词
yinian	一年	modern-vocab-audit-p2: frag-num	40000	36806	0	数量常用
yinlai	引来	modern-vocab-audit-p2: frag-verb	30000	23849	0	常用动词
yipian	一片	modern-vocab-audit-p2: frag-num	35000	30738	0	数量常用
yiqianwan	一千万	modern-vocab-audit-p2: frag-num	30000	22735	0	常用数词
yiqu	一曲	modern-vocab-audit-p2: frag-num	35000	22974	0	数量常用
yisangzi	一嗓子	modern-vocab-audit-p2: frag-num	30000	0	0	固定口语量词
yishi	一事	modern-vocab-audit-p2: frag-grammar	30000	24422	0	书面常用
yishou	一首	modern-vocab-audit-p2: frag-num	35000	30567	0	数量常用
yisuo	一所	modern-vocab-audit-p2: frag-num	30000	23715	0	数量常用
yitiao	一条	modern-vocab-audit-p2: frag-num	35000	33475	0	数量常用
yitishi	一体式	modern-vocab-audit-p2: frag-np	30000	11600	0	常用定型词
yiwei	一位	modern-vocab-audit-p2: frag-num	35000	31686	0	数量常用
yixiang	一项	modern-vocab-audit-p2: frag-num	35000	26053	0	数量常用
yixiangxing	意向性	modern-vocab-audit-p2: jargon-slice	30000	5311	0	哲学术语
yiyou	已有	modern-vocab-audit-p2: frag-grammar	35000	26646	0	高频常用
yizhan	一站	modern-vocab-audit-p2: frag-num	30000	25847	0	数量常用
yizhang	一张	modern-vocab-audit-p2: frag-num	35000	33870	0	数量常用
yizhengtao	一整套	modern-vocab-audit-p2: frag-num	30000	21597	0	固定数量词
yizhounian	一周年	modern-vocab-audit-p2: frag-num	30000	20726	0	固定纪念表达
yizu	一组	modern-vocab-audit-p2: frag-num	35000	25470	0	数量常用
yizuo	一座	modern-vocab-audit-p2: frag-num	35000	27404	0	数量常用
yongganzhe	勇敢者	modern-vocab-audit-p2: frag-np	30000	12023	0	常用派生词
youbieyu	有别于	modern-vocab-audit-p2: frag-grammar	30000	15593	0	书面固定语
yougan	有感	modern-vocab-audit-p2: frag-grammar	30000	31815	0	固定用法
youlaiyu	有赖于	modern-vocab-audit-p2: frag-grammar	30000	10984	0	固定虚词
youqianfang	右前方	modern-vocab-audit-p2: frag-np	30000	10737	0	方位常用单位
yuanmingqing	元明清	modern-vocab-audit-p2: frag-np	30000	11763	0	固定连用
yuannei	院内	modern-vocab-audit-p2: frag-grammar	30000	17889	0	常用方位词
yuannu	怨怒	modern-vocab-audit-p2: word	30000	5163	0	词典词
yufeng	余风	modern-vocab-audit-p2: word	30000	5922	0	词典文语词
yumaoqiudui	羽毛球队	modern-vocab-audit-p2: frag-np	30000	4193	0	常用队名单位
yunbing	运兵	modern-vocab-audit-p2: frag-verb	30000	9243	0	军事动宾常用
yunguoqu	晕过去	modern-vocab-audit-p2: frag-verb	30000	18072	0	常用表达
yunshubu	运输部	modern-vocab-audit-p2: org-local	30000	11656	0	通用部委词
yuxingwei	鱼腥味	modern-vocab-audit-p2: frag-np	30000	15794	0	常用生活词
zaicijichushang	在此基础上	modern-vocab-audit-p1-ge5: frag-clause	30000	0	0	固定用语
zaikelv	载客率	modern-vocab-audit-p2: frag-np	30000	0	0	标准行业指标词
zailai	再来	modern-vocab-audit-p2: frag-grammar	30000	30490	0	口语常用单位
zaizhan	再战	modern-vocab-audit-p2: frag-grammar	30000	21378	0	常用固定表达
zanbie	暂别	modern-vocab-audit-p2: frag-grammar	30000	13195	0	常用真词
zandai	暂代	modern-vocab-audit-p2: frag-grammar	30000	6487	0	词典动词
zanwu	暂无	modern-vocab-audit-p2: frag-grammar	30000	15705	0	常用固定语
zazheng	咋整	modern-vocab-audit-p2: jargon-slice	30000	0	0	东北高频口语
zendi	怎地	modern-vocab-audit-p2: rare-lib	30000	13685	0	词典词旧白话
zhaiteng	斋藤	modern-vocab-audit-p2: name-obscure	30000	13145	0	著名日姓
zhaixing	摘星	modern-vocab-audit-p2: frag-verb	30000	15279	0	词典词现代常用
zhangjing	掌镜	modern-vocab-audit-p2: frag-verb	30000	0	0	媒体常用词
zhanmushi	詹姆士	modern-vocab-audit-p2: name-obscure	30000	18822	0	常见音译名
zhannei	站内	modern-vocab-audit-p2: frag-grammar	30000	15764	0	网络常用词
zhannifu	詹妮弗	modern-vocab-audit-p2: name-obscure	30000	14693	0	常见译名
zhanshihui	展示会	modern-vocab-audit-p2: frag-np	30000	13058	0	真词展会义
zhaogongzuo	找工作	modern-vocab-audit-p2: frag-np	30000	0	0	高频活动短语
zhashang	炸伤	modern-vocab-audit-p2: frag-verb	30000	11242	0	真词新闻动词
zhechang	这场	modern-vocab-audit-p2: frag-grammar	40000	27878	0	指量常用
zhengchuang	争创	modern-vocab-audit-p2: frag-verb	30000	10469	0	常用动词
zhenghan	正酣	modern-vocab-audit-p2: frag-grammar	30000	12118	0	固定搭配
zhengjinduoyin	争金夺银	modern-vocab-audit-p2: frag-np	30000	0	0	体育熟语
zhengkuai	整块	modern-vocab-audit-p2: frag-grammar	30000	16379	0	常用量词单位
zhengwan	整晚	modern-vocab-audit-p2: frag-grammar	30000	20707	0	常用时间词
zhexiang	这项	modern-vocab-audit-p2: frag-grammar	30000	27672	0	指量常用
zhexuexi	哲学系	modern-vocab-audit-p2: frag-np	30000	8340	0	常用系科名
zhicun	志村	modern-vocab-audit-p2: name-obscure	30000	12057	0	著名日姓
zhidaoxing	指导性	modern-vocab-audit-p2: frag-np	30000	9767	0	X性成词常用
zhijiabi	质价比	modern-vocab-audit-p2: jargon-slice	30000	0	0	现代消费新词
zhiliyu	致力于	modern-vocab-audit-p2: frag-grammar	35000	20609	0	固定动介
zhinengjiashi	智能驾驶	modern-vocab-audit-p2: frag-np	30000	0	0	现代科技常用词
zhixingguan	执行官	modern-vocab-audit-p2: frag-np	30000	19256	0	常用名词
zhizeng	致赠	modern-vocab-audit-p2: frag-verb	30000	0	0	正式动词真词
zhongcun	中村	modern-vocab-audit-p2: name-obscure	30000	22004	0	著名日姓
zhonggaokao	中高考	modern-vocab-audit-p2: frag-np	30000	0	0	教育常用合称
zhongjiezhe	终结者	modern-vocab-audit-p2: title-slice	30000	22877	0	常用者字词
zhongrihan	中日韩	modern-vocab-audit-p2: frag-np	30000	5866	0	固定缩略
zhongshanlu	中山路	modern-vocab-audit-p2: org-local	30000	20057	0	通行街名
zhongxiaowei	中小微	modern-vocab-audit-p2: frag-np	30000	0	0	政策定型词
zhongxifang	中西方	modern-vocab-audit-p2: frag-np	30000	9797	0	常用合称
zhongyingwen	中英文	modern-vocab-audit-p2: frag	30000	16583	0	常用固定语
zhongzhi	种质	modern-vocab-audit-p2: word	25000	14974	0	科技术语
zhouzhengfu	州政府	modern-vocab-audit-p2: frag-np	30000	20758	0	常用行政词
zhuangkai	撞开	modern-vocab-audit-p2: frag-verb	30000	9683	0	常用动补词
zhuoqiutai	桌球台	modern-vocab-audit-p2: frag-np	30000	5286	0	常用器物词
zhusufei	住宿费	modern-vocab-audit-p2: frag-np	30000	17726	0	真实费用词
ziliaoguan	资料馆	modern-vocab-audit-p2: frag-np	30000	10315	0	常用场馆词
zongdaoyan	总导演	modern-vocab-audit-p2: frag-np	30000	10593	0	常用职务词
zongjiehui	总结会	modern-vocab-audit-p2: word	30000	12568	0	常用会议词
zoubian	走遍	modern-vocab-audit-p2: frag-verb	35000	24593	0	常用动补
zouguo	走过	modern-vocab-audit-p2: frag-verb	35000	32721	1	词典词
zouguoqu	走过去	modern-vocab-audit-p2: frag-verb	30000	0	0	常用趋向补
zoushangzhenggui	走上正轨	modern-vocab-audit-p2: frag-verb	30000	11697	0	常用惯用语
zuichi	最迟	modern-vocab-audit-p2: frag-grammar	30000	17380	0	常用副词真词
zuikaishi	最开始	modern-vocab-audit-p2: frag-grammar	30000	0	0	口语常用起初义
zuocheng	做成	modern-vocab-audit-p2: frag-verb	30000	30283	0	常用动词
zuofeiji	坐飞机	modern-vocab-audit-p2: frag-verb	30000	23813	0	经典动宾单位
zuohao	做好	modern-vocab-audit-p2: frag-verb	35000	37788	0	高频动补
zuohuoche	坐火车	modern-vocab-audit-p2: frag-verb	30000	23798	0	常用口语单位
zuoxialai	坐下来	modern-vocab-audit-p2: frag-verb	30000	0	0	口语常用单位
zuzhihua	组织化	modern-vocab-audit-p2: frag-np	30000	7591	0	常用词
