delete_code	word	freq	why
chenyang	沈阳	29018	沈:shen/chen del-wrong b2
zongjiao	总觉	26469	觉:jue/jiao del-wrong b2
jiaozhao	觉着	25809	觉:jue/jiao del-wrong b2
jiaozhe	觉着	25809	觉:jue/jiao del-wrong b2
jiaozhuo	觉着	25809	觉:jue/jiao del-wrong b2
nipoer	尼泊尔	23083	泊:po/bo del-prim b2
yexia	咽下	21172	咽:yan/ye del-wrong b2
yuejiao	越觉	21032	觉:jue/jiao del-wrong b2
panweibai	潘玮柏	20679	柏:bai/bo del-prim b2
shuijiaojue	睡觉觉	20161	觉:jue/jiao del-prim b2
houzhihoujiao	后知后觉	19783	觉:jue/jiao del-wrong b2
jiaochu	觉出	19566	觉:jue/jiao del-wrong b2
huilongjue	回笼觉	19439	觉:jue/jiao del-prim b2
shuidajue	睡大觉	18102	觉:jue/jiao del-prim b2
duozheni	多着呢	17808	呢:ne/ni del-wrong b2
yisha	一刹	17796	刹:sha/cha del-prim b2
heti	河堤	17657	堤:di/ti del-wrong b2
baila	柏拉	17525	柏:bai/bo del-prim b2
shoucha	手刹	17395	刹:sha/cha del-wrong b2
jiaoshi	觉世	17142	觉:jue/jiao del-wrong b2
yangni	养呢	16729	呢:ne/ni del-wrong b2
tiba	堤坝	16548	堤:di/ti del-wrong b2
yebuxia	咽不下	16405	咽:yan/ye del-wrong b2
zhengjiao	正觉	16014	觉:jue/jiao del-wrong b2
bomu	柏木	16009	柏:bai/bo del-wrong b2
chenyue	沈月	15959	沈:shen/chen del-wrong b2
zhongjiao	终觉	15878	觉:jue/jiao del-wrong b2
jueti	决堤	15483	堤:di/ti del-wrong b2
jiaoluo	觉罗	15475	觉:jue/jiao del-wrong b2
yita	一沓	15374	沓:da/ta del-wrong b2
xuegu	削骨	15003	削:xue/xiao del-prim b2
shahai	刹海	14658	刹:sha/cha del-prim b2
nedayi	呢大衣	14658	呢:ne/ni del-prim b2
chenyangshi	沈阳市	14492	沈:shen/chen del-wrong b2
shenshahai	什刹海	14385	刹:sha/cha del-prim b2
tifang	堤防	14238	堤:di/ti del-wrong b2
jiaocha	脚刹	14106	刹:sha/cha del-wrong b2
lingbi	另辟	14105	辟:pi/bi del-wrong b2
shenhui	参会	13919	参:can/shen del-wrong b2
shenkuai	参会	13919	参:can/shen del-wrong b2
tishang	堤上	13764	堤:di/ti del-wrong b2
weijiao	未觉	13749	觉:jue/jiao del-wrong b2
jiaojie	觉解	13650	觉:jue/jiao del-wrong b2
shentuan	参团	13319	参:can/shen del-wrong b2
xuejian	削尖	13227	削:xue/xiao del-prim b2
xuediao	削掉	13108	削:xue/xiao del-prim b2
abodu	阿卜杜	13064	卜:bo/bu del-prim b2
chenyangzhan	沈阳站	13030	沈:shen/chen del-wrong b2
dayine	大衣呢	12975	呢:ne/ni del-prim b2
boshu	蕃薯	12953	蕃:fan/bo del-wrong b2
shenjiao	深觉	12908	觉:jue/jiao del-wrong b2
xuecheng	削成	12712	削:xue/xiao del-prim b2
batiya	芭堤雅	12685	堤:di/ti del-wrong b2
liaochen	辽沈	12635	沈:shen/chen del-wrong b2
xuepingguo	削苹果	12591	削:xue/xiao del-prim b2
shoucan	手参	12351	参:can/shen del-prim b2
shuizhaojue	睡着觉	12330	觉:jue/jiao del-prim b2
xuequ	削去	12236	削:xue/xiao del-prim b2
jiaoshu	觉书	12215	觉:jue/jiao del-wrong b2
baba	耙耙	12189	耙:ba/pa del-prim b2
bozhong	泊中	12181	泊:po/bo del-wrong b2
jiaoyuan	觉远	11977	觉:jue/jiao del-wrong b2
shengu	参股	11907	参:can/shen del-wrong b2
zhongjue	中觉	11888	觉:jue/jiao del-prim b2
abodulei	阿卜杜勒	11837	卜:bo/bu del-prim b2
tian	堤岸	11595	堤:di/ti del-wrong b2
tongbo	桐柏	11379	柏:bai/bo del-wrong b2
lifune	礼服呢	11328	呢:ne/ni del-prim b2
chating	刹停	11295	刹:sha/cha del-wrong b2
fangboti	防波堤	11210	堤:di/ti del-wrong b2
bohu	泊湖	11206	泊:po/bo del-wrong b2
yibolaxin	易卜拉欣	11094	卜:bo/bu del-prim b2
zhaojiao	昭觉	11079	觉:jue/jiao del-wrong b2
biye	鼻咽	11060	咽:yan/ye del-wrong b2
liaoningchenyang	辽宁沈阳	11027	沈:shen/chen del-wrong b2
zainawanni	在哪玩呢	10968	呢:ne/ni del-wrong b2
labolengsi	拉卜楞寺	10954	卜:bo/bu del-prim b2
bosuan	卜算	10868	卜:bo/bu del-prim b2
chenjiamen	沈家门	10819	沈:shen/chen del-wrong b2
bofeng	卜蜂	10806	卜:bo/bu del-prim b2
jiaosheng	觉省	10806	觉:jue/jiao del-wrong b2
yibo	易卜	10805	卜:bo/bu del-prim b2
abodula	阿卜杜拉	10784	卜:bo/bu del-prim b2
jingbo	镜泊	10758	泊:po/bo del-wrong b2
xueguo	削过	10543	削:xue/xiao del-prim b2
shishen	实参	10517	参:can/shen del-wrong b2
dajiaosi	大觉寺	10431	觉:jue/jiao del-wrong b2
xuebao	削薄	10331	削:xue/xiao del-prim b2
jiaoguo	觉果	10249	觉:jue/jiao del-wrong b2
biwei	辟为	10243	辟:pi/bi del-wrong b2
bosuanzi	卜算子	10116	卜:bo/bu del-prim b2
zhaojiaosi	昭觉寺	10116	觉:jue/jiao del-wrong b2
pixue	皮削	10109	削:xue/xiao del-prim b2
zhengni	蒸呢	10032	呢:ne/ni del-wrong b2
jingbohu	镜泊湖	10026	泊:po/bo del-wrong b2
yangcan	洋参	10025	参:can/shen del-prim b2
kouye	口咽	10019	咽:yan/ye del-wrong b2
liaochenzhanyi	辽沈战役	10018	沈:shen/chen del-wrong b2
jingchen	京沈	9946	沈:shen/chen del-wrong b2
bencan	本参	9940	参:can/shen del-prim b2
diancha	点刹	9795	刹:sha/cha del-wrong b2
xuesi	削死	9795	削:xue/xiao del-prim b2
yebu	咽部	9741	咽:yan/ye del-wrong b2
shenzhongliangyuan	参众两院	9442	参:can/shen del-wrong b2
yibosheng	易卜生	9434	卜:bo/bu del-prim b2
qianxue	欠削	9392	削:xue/xiao del-prim b2
xuebi	削笔	9392	削:xue/xiao del-prim b2
kubai	库柏	9389	柏:bai/bo del-prim b2
nemao	呢帽	9334	呢:ne/ni del-prim b2
potou	泊头	9112	泊:po/bo del-prim b2
yepo	夜泊	9094	泊:po/bo del-prim b2
shendao	参道	9084	参:can/shen del-wrong b2
boyigua	卜一卦	9083	卜:bo/bu del-prim b2
dazhongne	大众呢	9083	呢:ne/ni del-prim b2
diecha	碟刹	9083	刹:sha/cha del-wrong b2
baiji	柏忌	9072	柏:bai/bo del-prim b2
tasha	塔刹	8927	刹:sha/cha del-prim b2
xiejiaozai	谢觉哉	8873	觉:jue/jiao del-wrong b2
shenbao	参保	8841	参:can/shen del-wrong b2
zhuti	筑堤	8822	堤:di/ti del-wrong b2
chikangyecai	吃糠咽菜	8731	咽:yan/ye del-wrong b2
daocha	倒刹	8731	刹:sha/cha del-wrong b2
xuewei	削微	8731	削:xue/xiao del-prim b2
tongbolu	桐柏路	8692	柏:bai/bo del-wrong b2
bingcan	兵参	8629	参:can/shen del-prim b2
jiaozhe	觉者	8604	觉:jue/jiao del-wrong b2
chenyangbeizhan	沈阳北站	8535	沈:shen/chen del-wrong b2
nanye	难咽	8535	咽:yan/ye del-wrong b2
jiaomin	觉民	8472	觉:jue/jiao del-wrong b2
xingchen	姓沈	8315	沈:shen/chen del-wrong b2
chenqiuxian	沈丘县	8267	沈:shen/chen del-wrong b2
posong	泊松	8135	泊:po/bo del-prim b2
shenjin	沈浸	8111	沈:shen/chen del-prim b2
agubai	阿古柏	8104	柏:bai/bo del-prim b2
yetong	咽痛	8097	咽:yan/ye del-wrong b2
chendao	沈导	8091	沈:shen/chen del-wrong b2
chifani	吃法呢	8091	呢:ne/ni del-wrong b2
liaocan	辽参	8091	参:can/shen del-prim b2
tijiao	体觉	8067	觉:jue/jiao del-wrong b2
jiaocha	觉查	8058	觉:jue/jiao del-wrong b2
nipoerren	尼泊尔人	8032	泊:po/bo del-prim b2
liboke	李卜克	7960	卜:bo/bu del-prim b2
luobu	罗卜	7959	卜:bo/bu del-wrong b2
chenhequ	沈河区	7836	沈:shen/chen del-wrong b2
manjiaolong	满觉陇	7836	觉:jue/jiao del-wrong b2
gezine	格子呢	7806	呢:ne/ni del-prim b2
shenxiang	参详	7791	参:can/shen del-wrong b2
tongjiao	统觉	7791	觉:jue/jiao del-wrong b2
poan	泊岸	7715	泊:po/bo del-prim b2
hencha	狠刹	7669	刹:sha/cha del-wrong b2
shenshang	参上	7615	参:can/shen del-wrong b2
shenbutou	参不透	7552	参:can/shen del-wrong b2
luobu	箩卜	7552	卜:bo/bu del-wrong b2
shenzhizhengshi	参知政事	7508	参:can/shen del-wrong b2
bozhe	卜者	7507	卜:bo/bu del-prim b2
shenni	沈溺	7482	沈:shen/chen del-prim b2
shenshen	深沈	7482	沈:shen/chen del-prim b2
miaojiao	妙觉	7477	觉:jue/jiao del-wrong b2
tiyuan	堤垸	7454	堤:di/ti del-wrong b2
pochuan	泊船	7404	泊:po/bo del-prim b2
libokenei	李卜克内	7289	卜:bo/bu del-prim b2
poqinhuai	泊秦淮	7233	泊:po/bo del-prim b2
pangru	彷如	7182	彷:pang/fang del-prim b2
doubolei	都卜勒	7180	卜:bo/bu del-prim b2
nipoeryu	尼泊尔语	7061	泊:po/bo del-prim b2
shenyuan	参院	6966	参:can/shen del-wrong b2
chenkuo	沈括	6936	沈:shen/chen del-wrong b2
jiaoshen	教参	6927	参:can/shen del-wrong b2
chenyangtieluju	沈阳铁路局	6824	沈:shen/chen del-wrong b2
tidao	堤道	6756	堤:di/ti del-wrong b2
daboshu	大柏树	6722	柏:bai/bo del-wrong b2
beijiao	倍觉	6442	觉:jue/jiao del-wrong b2
shendian	沈淀	6442	沈:shen/chen del-prim b2
shenhuizhe	参会者	6380	参:can/shen del-wrong b2
shenkuaizhe	参会者	6380	参:can/shen del-wrong b2
fanggene	方格呢	6363	呢:ne/ni del-prim b2
bailiaozi	柏辽兹	6344	柏:bai/bo del-prim b2
boren	蕃人	6344	蕃:fan/bo del-wrong b2
chenyangjunqu	沈阳军区	6105	沈:shen/chen del-wrong b2
anti	岸堤	6064	堤:di/ti del-wrong b2
zhishen	值参	6032	参:can/shen del-wrong b2
jibolin	吉卜林	5944	卜:bo/bu del-prim b2
shaojiao	稍觉	5930	觉:jue/jiao del-wrong b2
xinti	新堤	5895	堤:di/ti del-wrong b2
boke	蕃客	5686	蕃:fan/bo del-wrong b2
chenyangtiyuxueyuan	沈阳体育学院	5633	沈:shen/chen del-wrong b2
weiti	围堤	5526	堤:di/ti del-wrong b2
xiebi	邪辟	5433	辟:pi/bi del-wrong b2
tigeng	堤埂	5393	堤:di/ti del-wrong b2
xixue	铣削	5393	削:xue/xiao del-prim b2
chazha	刹闸	5286	刹:sha/cha del-wrong b2
shengjiao	声觉	5286	觉:jue/jiao del-wrong b2
xifune	西服呢	5286	呢:ne/ni del-prim b2
bizuo	辟作	5167	辟:pi/bi del-wrong b2
shuchen	属沈	5167	沈:shen/chen del-wrong b2
shenji	沈寂	5073	沈:shen/chen del-prim b2
chendefu	沈德符	4961	沈:shen/chen del-wrong b2
tiwai	堤外	4961	堤:di/ti del-wrong b2
liba	犁耙	4842	耙:ba/pa del-prim b2
xueduan	削短	4842	削:xue/xiao del-prim b2
shadili	刹帝利	4804	刹:sha/cha del-prim b2
chengaosu	沈高速	4734	沈:shen/chen del-wrong b2
tiduan	堤段	4652	堤:di/ti del-wrong b2
jipo	羁泊	4652	泊:po/bo del-prim b2
qianlizhiti	千里之堤	4652	堤:di/ti del-wrong b2
tinei	堤内	4640	堤:di/ti del-wrong b2
chenjixian	沈吉线	4495	沈:shen/chen del-wrong b2
tuti	土堤	4495	堤:di/ti del-wrong b2
boxi	蕃息	4480	蕃:fan/bo del-wrong b2
zengbi	增辟	4480	辟:pi/bi del-wrong b2
chenayi	沈阿姨	4422	沈:shen/chen del-wrong b2
chenyangju	沈阳局	4422	沈:shen/chen del-wrong b2
chiba	齿耙	4422	耙:ba/pa del-prim b2
fenda	纷沓	4422	沓:da/ta del-prim b2
liaochenzhanyijinianguan	辽沈战役纪念馆	4422	沈:shen/chen del-wrong b2
xueduan	削断	4422	削:xue/xiao del-prim b2
yabo	崖柏	4422	柏:bai/bo del-wrong b2
zhanne	毡呢	4422	呢:ne/ni del-prim b2
bobing	蕃兵	4193	蕃:fan/bo del-wrong b2
boshuteng	蕃薯藤	4193	蕃:fan/bo del-wrong b2
dishen	低沈	4193	沈:shen/chen del-prim b2
guibo	桧柏	4193	柏:bai/bo del-wrong b2
polai	泊来	4131	泊:po/bo del-prim b2
kanxue	砍削	4131	削:xue/xiao del-prim b2
moxue	磨削	4131	削:xue/xiao del-prim b2
tongboxian	桐柏县	4131	柏:bai/bo del-wrong b2
xuegua	削刮	4131	削:xue/xiao del-prim b2
posongbi	泊松比	3861	泊:po/bo del-prim b2
tiding	堤顶	3861	堤:di/ti del-wrong b2
tiyan	堤堰	3861	堤:di/ti del-wrong b2
jianti	建堤	3861	堤:di/ti del-wrong b2
tongboshan	桐柏山	3861	柏:bai/bo del-wrong b2
lishagongyuan	黎刹公园	3686	刹:sha/cha del-prim b2
muba	木耙	3686	耙:ba/pa del-prim b2
xueguang	削光	3686	削:xue/xiao del-prim b2
boluhan	卜鲁罕	3468	卜:bo/bu del-prim b2
posongkuohao	泊松括号	3468	泊:po/bo del-prim b2
chenyangshizhengfu	沈阳市政府	3468	沈:shen/chen del-wrong b2
habibo	哈比卜	3468	卜:bo/bu del-prim b2
nipoergongchandang	尼泊尔共产党	3468	泊:po/bo del-prim b2
yibolaxin	伊卜拉欣	3468	卜:bo/bu del-prim b2
batian	耙田	3239	耙:ba/pa del-prim b2
bati	坝堤	3135	堤:di/ti del-wrong b2
jiboli	吉卜利	3135	卜:bo/bu del-prim b2
bali	耙犁	3094	耙:ba/pa del-prim b2
batu	耙土	3094	耙:ba/pa del-prim b2
bingcan	冰参	3094	参:can/shen del-prim b2
shendiandian	沈甸甸	3094	沈:shen/chen del-prim b2
shenlun	沈沦	3094	沈:shen/chen del-prim b2
chenyangdui	沈阳队	3094	沈:shen/chen del-wrong b2
chenyangjichuang	沈阳机床	3094	沈:shen/chen del-wrong b2
tanline	弹力呢	3094	呢:ne/ni del-prim b2
daza	沓杂	3094	沓:da/ta del-prim b2
gexue	各削	3094	削:xue/xiao del-prim b2
makune	马裤呢	3094	呢:ne/ni del-prim b2
qiyan	凄咽	3094	咽:yan/ye del-prim b2
rejiao	热觉	3094	觉:jue/jiao del-wrong b2
shanbo	山卜	3094	卜:bo/bu del-prim b2
xianzhihoujiao	先知后觉	3094	觉:jue/jiao del-wrong b2
xuebo	削波	3094	削:xue/xiao del-prim b2
yezhu	咽住	3094	咽:yan/ye del-wrong b2
