aiger	矮个儿	儿化 r 码非法音节;保留 aigeer
baipur	摆谱儿	儿化 r 码非法音节;保留 baipuer
bajianr	拔尖儿	儿化 r 码非法音节;保留 bajianer
baobeir	宝贝儿	儿化 r 码非法音节;保留 baobeier
bangbu	蚌埠	错码 蚌=beng;保留 bengbu
bangbushi	蚌埠市	错码 蚌=beng
beizhaoxian	北朝鲜	错码 朝=chao;保留 beichaoxian
beilei	贝勒	错码 勒=le;保留 beile
bileituoliya	比勒陀利亚	错码 勒=le;保留 biletuoliya
aidingbaodaixue	爱丁堡大学	错码 大=da
cangao	藏獒	错码 藏=zang
cangbei	藏北	错码 藏=zang
cangqu	藏区	错码 藏=zang
cangshi	藏式	错码 藏=zang
cangxue	藏学	错码 藏=zang
cangyao	藏药	错码 藏=zang
cangzhuang	藏装	错码 藏=zang
canglan	藏蓝	错码 藏=zang
cangqingse	藏青色	错码 藏=zang
aodesa	奥德萨	非规范译名+同码重复;保留 敖德萨
bulaimei	布莱梅	非规范译名+同码重复;保留 不来梅
chuancangxian	川藏线	错码 藏=zang
dager	大个儿	儿化 r 码;保留 dageer
dager	打嗝儿	儿化 r 码;保留 dageer
daihuir	待会儿	儿化 r 码;保留 daihuier
chuanmenr	串门儿	儿化 r 码且无 er 形;v1 仍可打
dahuor	大伙儿	儿化 r 码且无 er 形;v1 仍可打
denghuir	等会儿	儿化 r 码;保留 denghuier
dianr	点儿	儿化 r 码;保留 dianer
dicangwang	地藏王	错码 藏=zang
ekelahema	俄克拉荷马	同码重复非规范译写;保留 俄克拉何马
ekelahemazhou	俄克拉荷马州	同码重复非规范译写;保留 俄克拉何马州
diezhongdie	谍中谍	误写;正名 碟中谍
diao	迪奥	歧义切分码 di-ao 写成单音节 diao;会撞 掉/调
fanr	范儿	儿化 r 码;保留 faner
ganhuor	干活儿	儿化 r 码且无 er 形;v1 仍可打
guai	骨癌	歧义切分码 gu-ai 写成 guai;会撞 拐/怪
guaiji	古埃及	歧义切分码 gu-ai-ji 会切成 guai-ji
gengshi	羹匙	错码 匙=chi;保留 gengchi
gongyushanqishi	工欲善其事	半截谚语;非输入单位
guohuir	过会儿	儿化 r 码;保留 guohuier
haonanr	好男儿	儿化 r 码;保留 haonaner
huar	花儿	儿化 r 码且无 er 形;v1 仍可打
hancang	汉藏	错码 藏=zang
hanshi	函式	台湾用语;大陆规范为 函数;码上已有 韩式/寒湿
jiemenr	姐们儿	儿化 r 码;保留 jiemener
jinr	今儿	儿化 r 码;保留 jiner
kanr	坎儿	儿化 r 码;保留 kaner
ker	壳儿	儿化 r 码;保留 keer
kerenr	可人儿	儿化 r 码;保留 kerener
kuaibanr	快板儿	儿化 r 码;保留 kuaibaner
liandanr	脸蛋儿	儿化 r 码;保留 liandaner
liangkour	两口儿	儿化 r 码;保留 liangkouer
liaotianr	聊天儿	儿化 r 码;保留 liaotianer
maliur	麻溜儿	儿化 r 码;保留 maliuer
mar	马儿	儿化 r 码;保留 maer
meicuor	没错儿	儿化 r 码;保留 meicuoer
meijinr	没劲儿	儿化 r 码;保留 meijiner
liulangr	流浪儿	儿=实词 er;r 码错且无 er 形
meiqur	没趣儿	儿化 r 码;保留 meiquer
meizhunr	没准儿	儿化 r 码;保留 meizhuner
mingmianr	明面儿	儿化 r 码;保留 mingmianer
mingr	明儿	儿化 r 码;保留 minger
naoguar	脑瓜儿	儿化 r 码且无 er 形
pianrjing	片儿警	儿化 r 码;保留 pianerjing
piao	皮袄	歧义切分码 pi-ao 写成 piao;会撞 票/飘
muyangzuo	牡羊座	台湾用语;大陆规范为 白羊座
niuzibu	牛仔布	错码 仔=zai
niuzifu	牛仔服	错码 仔=zai;保留 niuzaifu
niuziku	牛仔裤	错码 仔=zai
niuziyi	牛仔衣	错码 仔=zai
niuzizhuang	牛仔装	错码 仔=zai
qianggenr	墙根儿	儿化 r 码;保留 qianggener
renjinr	韧劲儿	儿化 r 码;保留 renjiner
qingcangxian	青藏线	错码 藏=zang
shir	事儿	儿化 r 码;保留 shier
shijinr	使劲儿	儿化 r 码;保留 shijiner
taor	套儿	儿化 r 码;保留 taoer
wanr	玩儿	儿化 r 码;保留 waner
wanrming	玩儿命	儿化 r 码;保留 wanerming
weir	味儿	儿化 r 码;保留 weier
xiangnair	香奈儿	r 码;儿=实词 er;保留 xiangnaier
xiaobianr	小辫儿	儿化 r 码;保留 xiaobianer
xiaoyangr	小样儿	儿化 r 码;保留 xiaoyanger
xiehuir	歇会儿	儿化 r 码;保留 xiehuier
xiaohair	小孩儿	儿化 r 码且无 er 形;v1 仍可打
xicangzizhiqu	西藏自治区	错码 藏=zang
weichuxie	胃出血	错码 血=xue(医学词);保留 weichuxue
xiechanggui	血常规	错码 血=xue(医学词)
xinyanr	心眼儿	儿化 r 码;保留 xinyaner
yanpir	眼皮儿	儿化 r 码;保留 yanpier
yidianr	一点儿	儿化 r 码;保留 yidianer
yalucangbujiang	雅鲁藏布江	错码 藏=zang;保留 yaluzangbujiang
zhanbianr	沾边儿	儿化 r 码;保留 zhanbianer
zhengger	整个儿	儿化 r 码;保留 zhenggeer
zhangchundianyingzhipianchang	长春电影制片厂	错码 长=chang;保留 changchun...
zhangjiangkou	长江口	错码 长=chang
zhangtuche	长途车	错码 长=chang
zhangtufei	长途费	错码 长=chang
zhangqing	长情	错码 长=chang
changlaopai	长老派	错码 长=zhang(长老);保留 zhanglaopai
zhuanquanr	转圈儿	儿化 r 码;保留 zhuanquaner
ziweir	滋味儿	儿化 r 码;保留 ziweier
zir	子儿	儿化 r 码且无 er 形;v1 仍可打
