# code	word	freq	source	class_hint
haha	哈哈	48791	digested	onomatopoeia
xiexie	谢谢	45110	digested	unknown
kankan	看看	44049	digested	verb_redup
haohao	好好	44017	digested	adj_redup
mama	妈妈	41242	digested	unknown
jiejie	姐姐	40713	digested	unknown
gege	哥哥	40580	digested	unknown
dengdeng	等等	40340	digested	verb_redup
ganggang	刚刚	39994	digested	name
tiantian	天天	39769	digested	unknown
manman	慢慢	39309	digested	verb_redup
hehe	呵呵	38763	digested	onomatopoeia
meimei	妹妹	38338	digested	unknown
baobao	宝宝	37805	digested	name
xiangxiang	想想	37797	digested	verb_redup
shishi	试试	37602	digested	verb_redup
didi	弟弟	37380	digested	unknown
heihei	嘿嘿	37125	digested	onomatopoeia
mingming	明明	36742	digested	name
taitai	太太	36561	digested	unknown
shushu	叔叔	36002	digested	unknown
nainai	奶奶	35817	digested	unknown
dada	大大	35148	digested	adj_redup
renren	人人	35067	digested	unknown
baobao	抱抱	34990	digested	unknown
toutou	偷偷	34915	digested	unknown
wenwen	问问	34650	digested	verb_redup
diandian	点点	34572	digested	unknown
momo	默默	34509	digested	unknown
yeye	爷爷	34505	digested	unknown
shenshen	深深	34410	digested	adj_redup
yiyi	一一	34270	digested	unknown
wawa	娃娃	33869	digested	unknown
xiaoxiao	小小	33711	digested	adj_redup
baba	爸爸	33492	digested	unknown
jinjin	仅仅	33483	digested	unknown
xingxing	星星	33431	digested	unknown
tantan	谈谈	33263	digested	verb_redup
duoduo	多多	33083	digested	adj_redup
xixi	嘻嘻	33015	digested	onomatopoeia
wangwang	往往	33014	digested	unknown
tingting	听听	32893	digested	verb_redup
zouzou	走走	32773	digested	verb_redup
momo	摸摸	32694	digested	verb_redup
changchang	常常	32642	digested	unknown
manman	满满	32451	digested	unknown
wuwu	呜呜	32379	digested	onomatopoeia
liaoliao	聊聊	32361	digested	verb_redup
qiaoqiao	悄悄	32296	digested	unknown
guaiguai	乖乖	32258	digested	name
gege	个个	32255	digested	unknown
popo	婆婆	31845	digested	unknown
wanwan	玩玩	31543	digested	verb_redup
kuaikuai	快快	31501	digested	adj_redup
meimei	美美	31394	digested	name
jingjing	静静	31316	digested	adj_redup
lailai	来来	31256	digested	unknown
huahua	花花	31254	digested	unknown
baibai	拜拜	30985	digested	unknown
yuanyuan	远远	30955	digested	adj_redup
xuexue	学学	30910	digested	unknown
zeze	啧啧	30804	digested	onomatopoeia
baibai	白白	30733	digested	unknown
lala	拉拉	30611	digested	verb_redup
zhengzheng	整整	30608	digested	unknown
qingqing	轻轻	30549	digested	adj_redup
gaogao	高高	30453	digested	adj_redup
zaozao	早早	30296	digested	unknown
huahua	画画	30245	digested	unknown
wawa	哇哇	30237	digested	unknown
maomao	毛毛	30128	digested	unknown
changchang	尝尝	30080	digested	verb_redup
duidui	对对	30013	digested	unknown
caicai	猜猜	29764	digested	verb_redup
kaikai	开开	29684	digested	unknown
xixi	洗洗	29653	digested	unknown
gougou	狗狗	29461	digested	name
congcong	匆匆	29451	digested	unknown
chuchu	处处	29351	digested	unknown
jianjian	渐渐	29337	digested	unknown
liaoliao	了了	29337	digested	unknown
gaga	嘎嘎	29231	digested	onomatopoeia
hengheng	哼哼	29223	digested	unknown
changchang	长长	29205	digested	adj_redup
niangniang	娘娘	29181	digested	unknown
anan	安安	29146	digested	unknown
xinxin	心心	28933	digested	unknown
pingping	平平	28854	digested	unknown
jinjin	紧紧	28792	digested	unknown
yaya	呀呀	28787	digested	unknown
henhen	狠狠	28784	digested	unknown
jianjian	见见	28643	digested	unknown
bubu	步步	28623	digested	unknown
zhuanzhuan	转转	28620	digested	verb_redup
huhu	呼呼	28520	digested	onomatopoeia
shishi	事事	28519	digested	unknown
bangbang	棒棒	28440	digested	unknown
paopao	泡泡	28396	digested	unknown
jiujiu	舅舅	28363	digested	unknown
guangguang	逛逛	28362	digested	unknown
pianpian	偏偏	28305	digested	unknown
zhazha	查查	28225	digested	unknown
pangpang	胖胖	28169	digested	unknown
qiaoqiao	瞧瞧	28089	digested	verb_redup
jiajia	家家	28048	digested	unknown
kuku	苦苦	27984	digested	adj_redup
maimai	买买	27979	digested	unknown
dudu	嘟嘟	27930	digested	name
laolao	姥姥	27921	digested	unknown
gugu	姑姑	27904	digested	unknown
weiwei	微微	27884	digested	unknown
dandan	蛋蛋	27882	digested	unknown
mama	麻麻	27846	digested	unknown
wangwang	汪汪	27834	digested	onomatopoeia
nana	娜娜	27802	digested	name
baba	巴巴	27696	digested	unknown
fenfen	纷纷	27665	digested	unknown
zhongzhong	种种	27587	digested	unknown
dongdong	东东	27535	digested	unknown
dandan	淡淡	27519	digested	adj_redup
wanwan	万万	27506	digested	unknown
paipai	拍拍	27439	digested	verb_redup
shengsheng	生生	27415	digested	adj_redup
xiaoxiao	笑笑	27362	digested	verb_redup
moumou	某某	27347	digested	unknown
niannian	念念	27319	digested	verb_redup
lele	乐乐	27307	digested	unknown
honghong	红红	27301	digested	unknown
baobao	包包	27244	digested	unknown
qiaqia	恰恰	27241	digested	unknown
shishi	时时	27227	digested	unknown
aoao	嗷嗷	27198	digested	unknown
didi	滴滴	27168	digested	unknown
xixi	西西	27135	digested	unknown
dada	打打	27096	digested	verb_redup
shanshan	闪闪	27079	digested	unknown
manman	漫漫	27067	digested	unknown
chongchong	重重	27017	digested	adj_redup
tiantian	甜甜	26968	digested	adj_redup
jiujiu	救救	26958	digested	unknown
jiangjiang	讲讲	26952	digested	verb_redup
bangbang	帮帮	26946	digested	unknown
zuizui	最最	26881	digested	unknown
dandan	单单	26878	digested	unknown
sese	瑟瑟	26855	digested	unknown
jiujiu	久久	26746	digested	unknown
zuozuo	做做	26746	digested	verb_redup
bingbing	冰冰	26640	digested	unknown
gonggong	公公	26606	digested	unknown
zuozuo	坐坐	26565	digested	verb_redup
mangmang	茫茫	26508	digested	unknown
shishi	实实	26505	digested	unknown
jiji	唧唧	26460	digested	unknown
lili	莉莉	26459	digested	name
duanduan	短短	26434	digested	adj_redup
fenfen	分分	26427	digested	unknown
quanquan	圈圈	26401	digested	unknown
gege	格格	26390	digested	unknown
xingxing	猩猩	26382	digested	unknown
kaka	卡卡	26300	digested	unknown
zhenzhen	真真	26259	digested	unknown
xiaxia	下下	26134	digested	unknown
tongtong	通通	26079	digested	unknown
huanhuan	换换	26051	digested	unknown
lianlian	连连	26027	digested	unknown
riri	日日	26016	digested	unknown
mengmeng	萌萌	25908	digested	name
rourou	肉肉	25883	digested	unknown
xiongxiong	熊熊	25845	digested	unknown
bibi	比比	25820	digested	unknown
huanhuan	缓缓	25819	digested	verb_redup
keke	可可	25811	digested	unknown
zizi	滋滋	25695	digested	unknown
kongkong	空空	25647	digested	unknown
xiexie	歇歇	25640	digested	verb_redup
dangdang	当当	25639	digested	unknown
tongtong	统统	25630	digested	unknown
zhaozhao	找找	25627	digested	verb_redup
cici	次次	25620	digested	unknown
yuanyuan	圆圆	25592	digested	adj_redup
tuantuan	团团	25528	digested	unknown
xingxing	醒醒	25489	digested	unknown
guangguang	光光	25437	digested	unknown
shangshang	上上	25395	digested	unknown
bobo	波波	25387	digested	name
youyou	悠悠	25373	digested	unknown
laolao	牢牢	25314	digested	unknown
hanghang	行行	25224	digested	unknown
doudou	痘痘	25159	digested	unknown
baba	粑粑	25146	digested	unknown
tingting	停停	25126	digested	verb_redup
benben	本本	25096	digested	unknown
qiqi	七七	25095	digested	unknown
banban	般般	25090	digested	unknown
jiaojiao	教教	25040	digested	unknown
qinqin	亲亲	25040	digested	unknown
nuannuan	暖暖	25023	digested	adj_redup
ququ	去去	25010	digested	unknown
tingting	婷婷	25001	digested	name
huihui	会会	24980	digested	unknown
guoguo	国国	24893	digested	unknown
weiwei	薇薇	24881	digested	name
rangrang	嚷嚷	24861	digested	unknown
mianmian	绵绵	24842	digested	unknown
youyou	友友	24792	digested	unknown
qianqian	千千	24764	digested	unknown
piaopiao	飘飘	24755	digested	unknown
yangyang	痒痒	24741	digested	unknown
houhou	吼吼	24726	digested	unknown
suansuan	算算	24716	digested	verb_redup
pipi	皮皮	24715	digested	unknown
xiangxiang	香香	24673	digested	adj_redup
doudou	豆豆	24646	digested	name
maomao	猫猫	24642	digested	name
wangwang	旺旺	24625	digested	unknown
leilei	累累	24610	digested	unknown
shuashua	刷刷	24545	digested	unknown
zuzu	足足	24493	digested	unknown
xixi	细细	24440	digested	adj_redup
hehe	喝喝	24425	digested	verb_redup
bubu	补补	24422	digested	unknown
xiexie	写写	24355	digested	verb_redup
mengmeng	蒙蒙	24296	digested	unknown
qingqing	清清	24287	digested	adj_redup
guaiguai	怪怪	24280	digested	unknown
papa	啪啪	24230	digested	unknown
fangfang	方方	24225	digested	adj_redup
shanshan	姗姗	24216	digested	unknown
chuanchuan	串串	24213	digested	unknown
shaoshao	稍稍	24175	digested	unknown
shuaishuai	帅帅	24160	digested	name
lili	丽丽	24131	digested	name
shasha	莎莎	24107	digested	name
doudou	兜兜	24054	digested	name
qiuqiu	求求	23969	digested	unknown
yangyang	样样	23938	digested	unknown
honghong	轰轰	23930	digested	unknown
yaoyao	摇摇	23901	digested	verb_redup
guoguo	过过	23895	digested	unknown
qieqie	切切	23844	digested	unknown
wengweng	嗡嗡	23826	digested	unknown
houhou	厚厚	23812	digested	adj_redup
shenshen	婶婶	23794	digested	unknown
sisi	思思	23791	digested	unknown
zhuzhu	猪猪	23788	digested	unknown
xinxin	欣欣	23751	digested	unknown
yuanyuan	源源	23743	digested	unknown
huohuo	活活	23652	digested	unknown
luoluo	落落	23608	digested	unknown
toutou	头头	23603	digested	unknown
kuku	哭哭	23600	digested	verb_redup
lvelve	略略	23597	digested	unknown
ruanruan	软软	23595	digested	adj_redup
jiujiu	九九	23520	digested	unknown
tiaodiao	调调	23517	digested	unknown
shunshun	顺顺	23493	digested	unknown
benben	奔奔	23476	digested	unknown
mianmian	面面	23470	digested	unknown
yangyang	洋洋	23469	digested	unknown
dongdong	咚咚	23466	digested	onomatopoeia
shoushou	瘦瘦	23463	digested	unknown
tiaotiao	条条	23426	digested	unknown
cheche	车车	23414	digested	unknown
huhu	糊糊	23405	digested	unknown
papa	怕怕	23389	digested	unknown
cengceng	层层	23377	digested	unknown
miaomiao	喵喵	23335	digested	onomatopoeia
dudu	读读	23331	digested	verb_redup
zhengzheng	正正	23293	digested	unknown
qiqi	齐齐	23288	digested	unknown
xixi	兮兮	23275	digested	unknown
qiuqiu	球球	23261	digested	unknown
juju	聚聚	23145	digested	unknown
chenchen	晨晨	23134	digested	name
duoduo	朵朵	23130	digested	unknown
keke	科科	23125	digested	unknown
liuliu	溜溜	23121	digested	unknown
bobo	伯伯	23105	digested	unknown
liangliang	亮亮	23088	digested	name
zhizhi	吱吱	23087	digested	unknown
yinyin	隐隐	23076	digested	unknown
sheishei	谁谁	23072	digested	unknown
sheishui	谁谁	23072	digested	unknown
shuishei	谁谁	23072	digested	unknown
shuishui	谁谁	23072	digested	unknown
shasha	傻傻	23070	digested	unknown
xiuxiu	修修	23070	digested	unknown
tangtang	堂堂	23040	digested	unknown
guanguan	管管	23034	digested	unknown
zhazha	渣渣	23025	digested	unknown
chichi	迟迟	22993	digested	unknown
gugu	咕咕	22991	digested	onomatopoeia
feifei	飞飞	22967	digested	unknown
zhenzhen	阵阵	22956	digested	unknown
songsong	松松	22951	digested	unknown
guoguo	果果	22950	digested	unknown
nongnong	浓浓	22942	digested	adj_redup
juju	句句	22937	digested	unknown
liangliang	凉凉	22937	digested	adj_redup
chouchou	瞅瞅	22922	digested	verb_redup
shaishai	晒晒	22906	digested	unknown
lulu	露露	22875	digested	unknown
bianbian	便便	22795	digested	unknown
sansan	散散	22781	digested	unknown
qiqi	奇奇	22775	digested	unknown
yaoyao	遥遥	22765	digested	unknown
dangdang	荡荡	22719	digested	unknown
kuakua	夸夸	22715	digested	unknown
ganggang	杠杠	22703	digested	unknown
chuchu	楚楚	22682	digested	unknown
jiji	叽叽	22675	digested	onomatopoeia
qiqi	琪琪	22673	digested	name
tutu	兔兔	22656	digested	unknown
meimei	每每	22650	digested	unknown
huihui	回回	22624	digested	unknown
pianpian	片片	22609	digested	unknown
bobo	勃勃	22591	digested	unknown
laolao	老老	22540	digested	adj_redup
yeye	夜夜	22521	digested	unknown
pengpeng	碰碰	22510	digested	verb_redup
jingjing	晶晶	22502	digested	unknown
erer	二二	22496	digested	unknown
wuwu	五五	22495	digested	unknown
rere	热热	22465	digested	adj_redup
lengleng	冷冷	22459	digested	adj_redup
yiyi	翼翼	22443	digested	unknown
huihui	灰灰	22382	digested	unknown
lingling	零零	22381	digested	unknown
lingling	玲玲	22371	digested	unknown
shaoshao	少少	22366	digested	adj_redup
jiujiu	啾啾	22359	digested	unknown
mangmang	忙忙	22333	digested	unknown
beibei	贝贝	22329	digested	name
daidai	呆呆	22283	digested	unknown
yongyong	用用	22280	digested	unknown
huahua	哗哗	22242	digested	unknown
liuliu	六六	22210	digested	unknown
zhanzhan	沾沾	22210	digested	unknown
chuchu	出出	22149	digested	unknown
gege	咯咯	22146	digested	onomatopoeia
suansuan	酸酸	22143	digested	adj_redup
mengmeng	梦梦	22142	digested	unknown
niuniu	妞妞	22095	digested	unknown
sansan	三三	22076	digested	unknown
shuangshuang	双双	22049	digested	unknown
wenwen	稳稳	21971	digested	unknown
gugu	呱呱	21954	digested	unknown
daodao	叨叨	21935	digested	unknown
wanwan	弯弯	21935	digested	adj_redup
lianlian	练练	21916	digested	unknown
yaya	压压	21893	digested	unknown
peipei	陪陪	21862	digested	unknown
xiaoxiao	消消	21861	digested	unknown
huanhuan	欢欢	21860	digested	unknown
shasha	啥啥	21849	digested	unknown
pipi	屁屁	21796	digested	unknown
shuishui	睡睡	21793	digested	verb_redup
yingying	盈盈	21741	digested	unknown
sisi	丝丝	21713	digested	unknown
suisui	岁岁	21667	digested	unknown
chenchen	沉沉	21649	digested	unknown
heihei	黑黑	21617	digested	unknown
lielie	烈烈	21601	digested	unknown
feifei	肥肥	21587	digested	unknown
baobao	饱饱	21576	digested	unknown
jiji	挤挤	21569	digested	verb_redup
shengsheng	声声	21535	digested	unknown
diedie	爹爹	21527	digested	unknown
gaigai	改改	21519	digested	verb_redup
jiajia	佳佳	21501	digested	unknown
kuangkuang	框框	21475	digested	unknown
hehe	赫赫	21473	digested	name
jiji	急急	21427	digested	adj_redup
dandan	丹丹	21413	digested	unknown
zhouzhou	周周	21405	digested	unknown
koukou	口口	21367	digested	unknown
shishi	诗诗	21357	digested	unknown
yiyi	依依	21331	digested	unknown
waiwai	歪歪	21319	digested	unknown
didi	迪迪	21298	digested	unknown
chunchun	纯纯	21292	digested	unknown
lulu	碌碌	21287	digested	unknown
anan	暗暗	21273	digested	adj_redup
susu	速速	21258	digested	unknown
genggeng	耿耿	21234	digested	unknown
cengceng	蹭蹭	21226	digested	unknown
naonao	闹闹	21189	digested	adj_redup
ququ	区区	21098	digested	unknown
zizi	字字	21096	digested	unknown
feifei	狒狒	21094	digested	unknown
feifei	菲菲	21079	digested	name
nini	妮妮	21078	digested	unknown
taotao	套套	21071	digested	unknown
qingqing	青青	21069	digested	unknown
yuyu	郁郁	21049	digested	unknown
meimei	梅梅	21040	digested	unknown
qianqian	谦谦	21035	digested	unknown
sousou	嗖嗖	20989	digested	unknown
zhizhi	治治	20988	digested	unknown
chuichui	吹吹	20985	digested	unknown
pinpin	频频	20973	digested	unknown
dongdong	动动	20971	digested	verb_redup
xiuxiu	羞羞	20970	digested	unknown
pianpian	翩翩	20966	digested	unknown
gugu	鼓鼓	20950	digested	unknown
renren	忍忍	20943	digested	unknown
tutu	图图	20941	digested	unknown
huanghuang	晃晃	20938	digested	verb_redup
tiaotiao	跳跳	20933	digested	verb_redup
yangyang	羊羊	20929	digested	unknown
chaochao	超超	20916	digested	unknown
kaokao	考考	20833	digested	unknown
weiwei	喂喂	20824	digested	unknown
tata	踏踏	20822	digested	unknown
kuku	酷酷	20818	digested	unknown
xixi	吸吸	20813	digested	unknown
duanduan	断断	20811	digested	unknown
binbin	彬彬	20796	digested	unknown
rourou	揉揉	20705	digested	unknown
liaoliao	寥寥	20699	digested	unknown
wowo	窝窝	20655	digested	unknown
bobo	啵啵	20646	digested	unknown
jiajia	加加	20642	digested	unknown
yaoyao	咬咬	20639	digested	unknown
nini	尼尼	20618	digested	unknown
jiejie	解解	20615	digested	unknown
tangtang	糖糖	20605	digested	unknown
xinxin	昕昕	20593	digested	name
shushu	数数	20575	digested	verb_redup
lili	里里	20555	digested	unknown
langlang	浪浪	20527	digested	unknown
taotao	滔滔	20524	digested	unknown
renren	认认	20521	digested	unknown
sousou	搜搜	20496	digested	unknown
zhizhi	指指	20478	digested	unknown
longlong	隆隆	20458	digested	unknown
fengfeng	风风	20431	digested	unknown
shengsheng	省省	20417	digested	unknown
honghong	哄哄	20414	digested	unknown
lala	辣辣	20412	digested	adj_redup
qiaoqiao	敲敲	20407	digested	unknown
youyou	油油	20392	digested	unknown
zhuangzhuang	装装	20376	digested	unknown
lulu	璐璐	20369	digested	unknown
pengpeng	砰砰	20348	digested	unknown
qianqian	钱钱	20326	digested	unknown
paipai	排排	20321	digested	unknown
fangfang	芳芳	20304	digested	name
zizi	仔仔	20230	digested	unknown
momo	嬷嬷	20228	digested	unknown
chunchun	蠢蠢	20226	digested	unknown
xiaoxiao	潇潇	20221	digested	unknown
suisui	随随	20219	digested	unknown
taotao	韬韬	20202	digested	unknown
shanshan	山山	20195	digested	unknown
qiqi	气气	20169	digested	unknown
cancan	灿灿	20134	digested	unknown
junjun	军军	20114	digested	unknown
tongtong	彤彤	20111	digested	unknown
jinjin	津津	20102	digested	unknown
fengfeng	峰峰	20095	digested	unknown
baba	八八	20094	digested	unknown
tengteng	腾腾	20084	digested	unknown
nannan	南南	20080	digested	unknown
banban	班班	20062	digested	unknown
shasha	沙沙	20050	digested	unknown
lielie	咧咧	20015	digested	unknown
taotao	涛涛	20003	digested	name
mimi	幂幂	19976	digested	unknown
caicai	菜菜	19974	digested	unknown
zhuangzhuang	壮壮	19973	digested	unknown
saosao	嫂嫂	19967	digested	unknown
langlang	朗朗	19957	digested	unknown
benben	笨笨	19943	digested	unknown
mumu	木木	19937	digested	unknown
caicai	裁裁	19912	digested	unknown
zhazha	喳喳	19910	digested	unknown
weiwei	维维	19905	digested	unknown
titi	提提	19896	digested	unknown
chongchong	冲冲	19857	digested	unknown
mimi	密密	19852	digested	adj_redup
linlin	淋淋	19846	digested	unknown
yuyu	雨雨	19840	digested	unknown
jiaojiao	娇娇	19819	digested	unknown
daidai	代代	19807	digested	unknown
yangyang	养养	19802	digested	unknown
hunhun	混混	19798	digested	unknown
yunyun	云云	19774	digested	unknown
lili	历历	19751	digested	unknown
dingding	叮叮	19749	digested	unknown
shanshan	珊珊	19749	digested	unknown
cuncun	村村	19743	digested	unknown
kaikai	凯凯	19743	digested	unknown
banban	斑斑	19729	digested	unknown
gaogao	搞搞	19727	digested	verb_redup
junjun	俊俊	19717	digested	unknown
toutou	透透	19716	digested	unknown
lanlan	蓝蓝	19714	digested	unknown
guigui	鬼鬼	19708	digested	unknown
sasa	洒洒	19708	digested	unknown
qianqian	浅浅	19704	digested	adj_redup
dede	得得	19641	digested	unknown
dedei	得得	19641	digested	unknown
deide	得得	19641	digested	unknown
deidei	得得	19641	digested	unknown
bianbian	边边	19627	digested	unknown
rongrong	茸茸	19622	digested	unknown
hunhun	昏昏	19590	digested	unknown
kunkun	坤坤	19584	digested	unknown
xiaxia	夏夏	19572	digested	unknown
tantan	探探	19564	digested	unknown
rongrong	融融	19560	digested	unknown
chouchou	臭臭	19524	digested	adj_redup
huohuo	霍霍	19489	digested	unknown
yaya	丫丫	19473	digested	unknown
chuanchuan	穿穿	19449	digested	unknown
changchang	场场	19447	digested	unknown
huanghuang	惶惶	19439	digested	unknown
zaizai	崽崽	19389	digested	unknown
jiejie	接接	19337	digested	unknown
nienie	捏捏	19324	digested	unknown
chaochao	吵吵	19311	digested	unknown
huhu	虎虎	19309	digested	name
yaoyao	瑶瑶	19301	digested	name
chongchong	虫虫	19292	digested	unknown
shishi	世世	19248	digested	unknown
yiyi	熠熠	19214	digested	unknown
huhu	户户	19174	digested	unknown
guagua	瓜瓜	19169	digested	unknown
yuyu	鱼鱼	19169	digested	unknown
tutu	秃秃	19164	digested	unknown
xiaoxiao	校校	19152	digested	unknown
susu	素素	19143	digested	unknown
laolao	唠唠	19134	digested	unknown
yingying	莹莹	19127	digested	unknown
haohao	浩浩	19094	digested	name
dongdong	洞洞	19090	digested	unknown
feifei	非非	19083	digested	unknown
shishi	市市	19064	digested	unknown
xingxing	惺惺	19040	digested	unknown
tuotuo	拖拖	19032	digested	unknown
piaopiao	漂漂	19015	digested	unknown
juanjuan	卷卷	18992	digested	unknown
papa	爬爬	18980	digested	unknown
sensen	森森	18971	digested	unknown
nini	腻腻	18961	digested	unknown
hehe	合合	18938	digested	unknown
shoushou	收收	18929	digested	unknown
qianqian	茜茜	18922	digested	unknown
congcong	聪聪	18920	digested	name
xuxu	嘘嘘	18915	digested	unknown
lili	粒粒	18912	digested	unknown
yiyi	姨姨	18906	digested	unknown
zhouzhou	州州	18906	digested	unknown
susu	苏苏	18897	digested	unknown
lulu	陆陆	18885	digested	unknown
quanquan	拳拳	18862	digested	unknown
tongtong	痛痛	18855	digested	unknown
guanguan	关关	18842	digested	unknown
qianqian	倩倩	18841	digested	unknown
wenwen	文文	18840	digested	unknown
dundun	顿顿	18831	digested	unknown
jianjian	尖尖	18819	digested	adj_redup
chouchou	丑丑	18790	digested	unknown
jinjin	斤斤	18790	digested	unknown
hunhun	浑浑	18764	digested	unknown
pengpeng	鹏鹏	18761	digested	name
dandan	旦旦	18760	digested	unknown
xuanxuan	轩轩	18756	digested	unknown
haihai	嗨嗨	18754	digested	onomatopoeia
tiaotiao	迢迢	18753	digested	unknown
bubu	布布	18730	digested	unknown
sousou	飕飕	18725	digested	unknown
tutu	突突	18723	digested	unknown
mimi	迷迷	18707	digested	unknown
baibai	摆摆	18678	digested	verb_redup
lvlv	绿绿	18677	digested	unknown
mimi	咪咪	18661	digested	name
peipei	佩佩	18633	digested	unknown
doudou	逗逗	18609	digested	unknown
ruirui	蕊蕊	18597	digested	unknown
angang	昂昂	18586	digested	unknown
lili	理理	18579	digested	unknown
linlin	琳琳	18566	digested	name
didi	嘀嘀	18560	digested	unknown
chunchun	春春	18559	digested	name
junjun	君君	18558	digested	unknown
dingding	钉钉	18541	digested	unknown
houhou	猴猴	18531	digested	unknown
menmen	闷闷	18524	digested	unknown
huaihuai	坏坏	18523	digested	unknown
sisi	四四	18509	digested	unknown
qiqi	期期	18495	digested	unknown
ranran	冉冉	18490	digested	unknown
jiejie	节节	18469	digested	unknown
cuocuo	搓搓	18465	digested	unknown
juju	居居	18461	digested	unknown
niuniu	牛牛	18449	digested	name
yuanyuan	媛媛	18443	digested	name
yiyi	奕奕	18424	digested	unknown
guoguo	锅锅	18421	digested	unknown
jinjin	进进	18410	digested	unknown
congcong	葱葱	18391	digested	unknown
momo	陌陌	18391	digested	unknown
shuashua	耍耍	18370	digested	unknown
tuotuo	脱脱	18368	digested	unknown
mingming	冥冥	18366	digested	unknown
yangyang	烊烊	18309	digested	unknown
lanlan	懒懒	18303	digested	unknown
guoguo	蝈蝈	18295	digested	unknown
yaya	鸭鸭	18287	digested	unknown
lianlian	恋恋	18284	digested	unknown
shanshan	杉杉	18284	digested	unknown
huanhuan	环环	18254	digested	unknown
zaza	咋咋	18252	digested	unknown
chichi	痴痴	18237	digested	unknown
huanghuang	慌慌	18231	digested	unknown
kaikai	恺恺	18225	digested	unknown
kaikai	楷楷	18188	digested	unknown
mama	骂骂	18180	digested	verb_redup
kuankuan	款款	18173	digested	unknown
bibi	笔笔	18166	digested	unknown
mimi	米米	18163	digested	unknown
nannan	囡囡	18160	digested	name
ququ	曲曲	18148	digested	unknown
bibi	哔哔	18137	digested	unknown
sisi	斯斯	18136	digested	unknown
cangcang	苍苍	18101	digested	unknown
gege	歌歌	18096	digested	unknown
lvlv	屡屡	18059	digested	unknown
jianjian	剪剪	18054	digested	unknown
baba	叭叭	18032	digested	unknown
niuniu	扭扭	18018	digested	unknown
pinpin	品品	18017	digested	unknown
nannan	楠楠	18013	digested	name
dingding	顶顶	18011	digested	unknown
zhaozhao	爪爪	17999	digested	unknown
zhaozhua	爪爪	17999	digested	unknown
zhuazhao	爪爪	17999	digested	unknown
zhuazhua	爪爪	17999	digested	unknown
pengpeng	蓬蓬	17998	digested	unknown
changchang	唱唱	17995	digested	unknown
tutu	吐吐	17973	digested	unknown
bengbeng	蹦蹦	17961	digested	unknown
jiji	基基	17959	digested	unknown
zhanzhan	站站	17954	digested	unknown
zizi	孜孜	17944	digested	unknown
zhuzhu	珠珠	17936	digested	unknown
shishi	师师	17918	digested	unknown
banban	板板	17883	digested	unknown
maimai	麦麦	17876	digested	unknown
paipai	牌牌	17856	digested	unknown
dudu	肚肚	17850	digested	unknown
pingping	瓶瓶	17836	digested	unknown
haihai	海海	17834	digested	unknown
daodao	刀刀	17826	digested	unknown
kengkeng	坑坑	17822	digested	unknown
tata	塔塔	17818	digested	unknown
juanjuan	娟娟	17794	digested	name
momo	馍馍	17790	digested	unknown
duidui	堆堆	17771	digested	unknown
gougou	勾勾	17756	digested	unknown
piaopiao	票票	17749	digested	unknown
minmin	敏敏	17742	digested	unknown
xixi	希希	17739	digested	unknown
qiuqiu	秋秋	17737	digested	unknown
nuonuo	诺诺	17699	digested	unknown
sasa	撒撒	17685	digested	unknown
yaoyao	妖妖	17644	digested	unknown
beibei	杯杯	17622	digested	unknown
wawa	蛙蛙	17621	digested	unknown
aiai	皑皑	17619	digested	unknown
guanguan	罐罐	17602	digested	unknown
tuotuo	坨坨	17575	digested	unknown
dada	达达	17567	digested	unknown
jiaojiao	角角	17564	digested	unknown
yueyue	悦悦	17556	digested	unknown
zuzu	组组	17552	digested	unknown
miaomiao	苗苗	17548	digested	unknown
diandian	店店	17541	digested	unknown
zhengzheng	铮铮	17537	digested	unknown
haohao	昊昊	17535	digested	name
leilei	磊磊	17531	digested	unknown
juju	巨巨	17526	digested	unknown
wenwen	雯雯	17525	digested	name
tiantian	舔舔	17520	digested	unknown
fangfang	放放	17519	digested	verb_redup
baba	霸霸	17513	digested	unknown
nongnong	弄弄	17509	digested	unknown
yangyang	扬扬	17503	digested	unknown
weiwei	娓娓	17486	digested	unknown
shasha	杀杀	17484	digested	unknown
qiangqiang	强强	17482	digested	name
loulou	楼楼	17480	digested	unknown
jiongjiong	炯炯	17479	digested	unknown
jiajia	嘉嘉	17435	digested	unknown
yanyan	言言	17388	digested	unknown
zizi	子子	17388	digested	unknown
lulu	噜噜	17373	digested	unknown
xiaoxiao	萧萧	17364	digested	unknown
wenwen	闻闻	17355	digested	unknown
pingping	萍萍	17353	digested	unknown
songsong	送送	17320	digested	verb_redup
mengmeng	朦朦	17310	digested	unknown
jingjing	靓靓	17283	digested	unknown
wangwang	望望	17275	digested	unknown
menmen	门门	17260	digested	unknown
lulu	鹿鹿	17256	digested	unknown
yanyan	艳艳	17245	digested	unknown
huihui	慧慧	17227	digested	unknown
tutu	土土	17222	digested	unknown
hanghang	航航	17210	digested	unknown
tuitui	腿腿	17203	digested	unknown
xiongxiong	汹汹	17195	digested	unknown
qiqi	戚戚	17176	digested	unknown
yunyun	芸芸	17172	digested	unknown
tingting	亭亭	17169	digested	unknown
zhengzheng	蒸蒸	17164	digested	unknown
yangyang	阳阳	17161	digested	name
liangliang	两两	17145	digested	unknown
doudou	抖抖	17135	digested	unknown
tiantian	田田	17133	digested	unknown
beibei	蓓蓓	17132	digested	unknown
tutu	涂涂	17128	digested	unknown
tuitui	推推	17099	digested	verb_redup
jiji	吉吉	17080	digested	unknown
xunxun	寻寻	17077	digested	unknown
tuntun	吞吞	17076	digested	unknown
youyou	幽幽	17071	digested	unknown
bingbing	饼饼	17064	digested	unknown
kunkun	困困	17064	digested	unknown
tangtang	汤汤	17054	digested	unknown
chaichai	柴柴	17050	digested	unknown
mengmeng	懵懵	17050	digested	unknown
penpen	盆盆	17047	digested	unknown
qingqing	卿卿	17043	digested	unknown
hanhan	憨憨	17038	digested	unknown
momo	脉脉	17028	digested	unknown
lvlv	缕缕	17023	digested	unknown
bingbing	病病	17021	digested	unknown
chacha	叉叉	17016	digested	unknown
duoduo	躲躲	17013	digested	unknown
qiqi	凄凄	17006	digested	unknown
beibei	背背	16990	digested	unknown
zhenzhen	珍珍	16988	digested	unknown
diaodiao	掉掉	16977	digested	unknown
qiqi	琦琦	16976	digested	unknown
jiaojiao	焦焦	16932	digested	unknown
yanyan	炎炎	16913	digested	unknown
xixi	熙熙	16912	digested	name
xiaxia	吓吓	16910	digested	unknown
tantan	坦坦	16909	digested	unknown
yaoyao	药药	16906	digested	unknown
baobao	报报	16898	digested	unknown
qunqun	裙裙	16887	digested	unknown
ququ	蛐蛐	16865	digested	unknown
leilei	蕾蕾	16856	digested	unknown
panpan	盼盼	16851	digested	unknown
tietie	贴贴	16828	digested	unknown
xixi	习习	16792	digested	unknown
guagua	刮刮	16787	digested	unknown
wanwan	湾湾	16777	digested	unknown
cuicui	翠翠	16739	digested	unknown
gaigai	盖盖	16731	digested	unknown
shoushou	受受	16720	digested	unknown
fengfeng	疯疯	16713	digested	unknown
pianpian	骗骗	16712	digested	unknown
nannan	喃喃	16690	digested	unknown
tongtong	桐桐	16689	digested	unknown
duidui	怼怼	16688	digested	unknown
jiujiu	酒酒	16682	digested	unknown
kuaikuai	块块	16671	digested	unknown
chengcheng	城城	16652	digested	unknown
liaoliao	撩撩	16646	digested	unknown
xinxin	鑫鑫	16629	digested	name
yanyan	严严	16602	digested	unknown
jiaojiao	脚脚	16541	digested	unknown
liuliu	遛遛	16520	digested	unknown
jiji	几几	16508	digested	unknown
meimei	霉霉	16508	digested	unknown
biaobiao	表表	16499	digested	unknown
gengen	根根	16497	digested	unknown
chanchan	潺潺	16471	digested	unknown
fenfen	愤愤	16467	digested	unknown
dingding	定定	16455	digested	unknown
youyou	游游	16438	digested	unknown
zhazha	扎扎	16434	digested	unknown
baibai	掰掰	16427	digested	unknown
taotao	桃桃	16408	digested	unknown
bangbang	邦邦	16405	digested	unknown
lunlun	伦伦	16399	digested	unknown
cancan	餐餐	16389	digested	unknown
diedie	喋喋	16389	digested	unknown
dada	答答	16385	digested	verb_redup
nvenve	虐虐	16382	digested	unknown
niaoniao	袅袅	16381	digested	unknown
zuizui	醉醉	16380	digested	unknown
manman	曼曼	16379	digested	unknown
banban	版版	16367	digested	unknown
coucou	凑凑	16361	digested	unknown
maimai	卖卖	16352	digested	unknown
ruirui	睿睿	16352	digested	unknown
dengdeng	灯灯	16333	digested	unknown
xuxu	徐徐	16331	digested	unknown
xuexue	雪雪	16319	digested	name
xuanxuan	萱萱	16304	digested	name
zaizai	再再	16295	digested	unknown
ruirui	瑞瑞	16267	digested	unknown
xiexie	些些	16265	digested	unknown
shishi	使使	16257	digested	unknown
dandan	眈眈	16249	digested	unknown
zizi	姊姊	16249	digested	unknown
neinei	内内	16233	digested	unknown
quanquan	劝劝	16226	digested	unknown
saisai	塞塞	16190	digested	unknown
cucu	粗粗	16183	digested	adj_redup
rourou	柔柔	16176	digested	adj_redup
saosao	扫扫	16171	digested	unknown
qunqun	群群	16168	digested	unknown
jiangjiang	江江	16150	digested	unknown
miaomiao	秒秒	16140	digested	unknown
baobao	薄薄	16132	digested	adj_redup
qiaoqiao	乔乔	16122	digested	unknown
jinjin	金金	16120	digested	unknown
diadia	嗲嗲	16114	digested	unknown
diadie	嗲嗲	16114	digested	unknown
diedia	嗲嗲	16114	digested	unknown
linlin	林林	16107	digested	name
kuku	裤裤	16104	digested	unknown
lulu	撸撸	16104	digested	unknown
xuxu	许许	16082	digested	unknown
gungun	滚滚	16074	digested	unknown
xuxu	栩栩	16073	digested	unknown
diedie	跌跌	16069	digested	unknown
baba	拔拔	16065	digested	unknown
bianbian	变变	16059	digested	unknown
peipei	培培	16058	digested	unknown
dingding	鼎鼎	16049	digested	unknown
jiejie	杰杰	16039	digested	name
hanhan	喊喊	16032	digested	verb_redup
fanfan	泛泛	16027	digested	unknown
xiaoxiao	骁骁	16019	digested	unknown
daidai	戴戴	16007	digested	unknown
leilei	雷雷	15997	digested	unknown
bibi	避避	15996	digested	unknown
shaoshao	烧烧	15977	digested	unknown
panpan	潘潘	15976	digested	unknown
zhazha	炸炸	15966	digested	unknown
fenfen	芬芬	15943	digested	unknown
cuicui	催催	15932	digested	unknown
fengfeng	缝缝	15932	digested	unknown
lili	沥沥	15911	digested	unknown
yueyue	玥玥	15902	digested	unknown
luoluo	洛洛	15896	digested	unknown
miaomiao	淼淼	15895	digested	unknown
rongrong	蓉蓉	15888	digested	unknown
shushu	树树	15874	digested	unknown
xiaxia	虾虾	15865	digested	unknown
tengteng	疼疼	15864	digested	unknown
zhuozhuo	灼灼	15864	digested	unknown
yanyan	奄奄	15860	digested	unknown
zhuizhui	追追	15839	digested	unknown
binbin	斌斌	15819	digested	unknown
kankan	侃侃	15797	digested	unknown
tiaotiao	挑挑	15795	digested	unknown
weiwei	巍巍	15785	digested	unknown
baobao	爆爆	15779	digested	unknown
chacha	茶茶	15779	digested	unknown
taotao	陶陶	15779	digested	unknown
changchang	畅畅	15759	digested	unknown
runrun	润润	15746	digested	unknown
chaochao	抄抄	15745	digested	unknown
sisi	死死	15742	digested	unknown
yuanyuan	园园	15725	digested	unknown
cheche	扯扯	15717	digested	unknown
liuliu	流流	15717	digested	unknown
caocao	草草	15703	digested	unknown
papa	趴趴	15695	digested	unknown
chuangchuang	闯闯	15693	digested	unknown
lulu	鲁鲁	15683	digested	unknown
xixi	稀稀	15683	digested	adj_redup
jiaojiao	佼佼	15664	digested	unknown
yaya	牙牙	15653	digested	unknown
huihui	辉辉	15640	digested	unknown
zhangzhang	涨涨	15640	digested	unknown
zhaozhao	着着	15615	digested	unknown
zhaozhe	着着	15615	digested	unknown
zhaozhuo	着着	15615	digested	unknown
zhezhao	着着	15615	digested	unknown
zhezhe	着着	15615	digested	unknown
zhezhuo	着着	15615	digested	unknown
zhuozhao	着着	15615	digested	unknown
zhuozhe	着着	15615	digested	unknown
zhuozhuo	着着	15615	digested	unknown
niaoniao	鸟鸟	15612	digested	unknown
xuxu	絮絮	15605	digested	unknown
sangsang	桑桑	15599	digested	unknown
qiaoqiao	翘翘	15592	digested	unknown
huhu	忽忽	15591	digested	unknown
yeye	烨烨	15586	digested	unknown
qianqian	芊芊	15583	digested	unknown
yanyan	嫣嫣	15567	digested	unknown
weiwei	威威	15556	digested	unknown
taotao	淘淘	15555	digested	unknown
longlong	龙龙	15554	digested	unknown
yanyan	岩岩	15553	digested	unknown
luoluo	罗罗	15551	digested	unknown
momo	沫沫	15548	digested	unknown
xiaoxiao	晓晓	15548	digested	unknown
chengcheng	称称	15533	digested	unknown
yingying	硬硬	15527	digested	adj_redup
queque	缺缺	15526	digested	unknown
jiejie	结结	15525	digested	unknown
jiongjiong	囧囧	15509	digested	unknown
jiujiu	揪揪	15509	digested	unknown
dandan	弹弹	15480	digested	unknown
dantan	弹弹	15480	digested	unknown
tandan	弹弹	15480	digested	unknown
tantan	弹弹	15480	digested	unknown
zhanzhan	粘粘	15480	digested	unknown
xianxian	仙仙	15469	digested	unknown
caicai	踩踩	15468	digested	unknown
pipi	劈劈	15468	digested	unknown
xixi	惜惜	15468	digested	unknown
jiji	济济	15467	digested	unknown
jiji	岌岌	15465	digested	unknown
cece	测测	15461	digested	unknown
zuozuo	佐佐	15449	digested	unknown
xinxin	馨馨	15415	digested	unknown
zhouzhou	洲洲	15415	digested	unknown
haohao	豪豪	15401	digested	name
shishi	湿湿	15395	digested	unknown
zhuazhua	抓抓	15395	digested	verb_redup
xingxing	幸幸	15387	digested	unknown
huanhuan	嬛嬛	15360	digested	unknown
guigui	贵贵	15332	digested	unknown
tingting	挺挺	15324	digested	unknown
tuotuo	托托	15312	digested	unknown
chongchong	充充	15311	digested	unknown
zhunzhun	谆谆	15290	digested	unknown
yangyang	泱泱	15289	digested	unknown
momo	漠漠	15288	digested	unknown
dudu	独独	15286	digested	unknown
jingjing	菁菁	15275	digested	unknown
zuzu	祖祖	15260	digested	unknown
jiejie	洁洁	15253	digested	unknown
tiantian	恬恬	15246	digested	unknown
zanzan	攒攒	15246	digested	unknown
anan	按按	15226	digested	unknown
zhouzhou	昼昼	15216	digested	unknown
dundun	墩墩	15214	digested	unknown
duanduan	段段	15204	digested	unknown
fufu	负负	15202	digested	unknown
yanyan	妍妍	15187	digested	name
paopao	炮炮	15181	digested	unknown
suosuo	缩缩	15178	digested	unknown
popo	破破	15167	digested	unknown
dangdang	党党	15156	digested	unknown
yuanyuan	元元	15152	digested	unknown
bobo	饽饽	15148	digested	unknown
aoao	熬熬	15141	digested	unknown
xiaxia	霞霞	15141	digested	unknown
wawa	挖挖	15137	digested	unknown
chuanchuan	川川	15128	digested	unknown
kuankuan	宽宽	15096	digested	unknown
qingqing	晴晴	15095	digested	unknown
nennen	嫩嫩	15083	digested	adj_redup
suosuo	索索	15076	digested	unknown
zuozuo	左左	15049	digested	unknown
xuxu	旭旭	15033	digested	unknown
yuyu	语语	15019	digested	unknown
feifei	沸沸	15018	digested	unknown
keke	壳壳	15017	digested	unknown
nuonuo	挪挪	15016	digested	verb_redup
sunsun	孙孙	15011	digested	unknown
momo	抹抹	14994	digested	unknown
xiexie	鞋鞋	14990	digested	unknown
xixi	曦曦	14985	digested	unknown
daidai	袋袋	14969	digested	unknown
xuanxuan	璇璇	14969	digested	name
zhouzhou	舟舟	14957	digested	unknown
tiantian	湉湉	14952	digested	unknown
kenken	啃啃	14936	digested	unknown
jiangjiang	酱酱	14933	digested	unknown
linlin	粼粼	14932	digested	unknown
qiangqiang	锵锵	14921	digested	unknown
chongchong	忡忡	14900	digested	unknown
dudu	度度	14891	digested	unknown
yangyang	怏怏	14874	digested	unknown
shanshan	删删	14869	digested	unknown
nainai	奈奈	14861	digested	unknown
chuichui	捶捶	14852	digested	unknown
qiaoqiao	巧巧	14852	digested	unknown
miaomiao	妙妙	14844	digested	unknown
zhuozhuo	桌桌	14834	digested	unknown
susu	酥酥	14833	digested	unknown
xixi	淅淅	14823	digested	unknown
dudu	毒毒	14814	digested	unknown
yingying	颖颖	14783	digested	name
shuaishuai	甩甩	14766	digested	unknown
zuizui	嘴嘴	14766	digested	unknown
wanwan	碗碗	14752	digested	unknown
juanjuan	涓涓	14749	digested	unknown
feifei	霏霏	14747	digested	unknown
jiejie	街街	14739	digested	unknown
hanhan	翰翰	14730	digested	name
doudou	窦窦	14712	digested	unknown
lulu	辘辘	14712	digested	unknown
zeze	仄仄	14702	digested	unknown
yinyin	茵茵	14701	digested	unknown
diandian	颠颠	14696	digested	unknown
keke	克克	14696	digested	unknown
koukou	抠抠	14694	digested	unknown
niangniang	嬢嬢	14694	digested	unknown
baba	坝坝	14684	digested	unknown
shoushou	兽兽	14676	digested	unknown
wuwu	捂捂	14676	digested	unknown
xiongxiong	凶凶	14635	digested	unknown
tangtang	烫烫	14619	digested	unknown
zhaozhao	昭昭	14544	digested	unknown
shenshen	伸伸	14528	digested	unknown
mangmang	莽莽	14508	digested	unknown
qinqin	沁沁	14507	digested	unknown
fufu	敷敷	14487	digested	unknown
qiangqiang	抢抢	14487	digested	unknown
shuanshuan	涮涮	14486	digested	unknown
lili	梨梨	14481	digested	unknown
liuliu	留留	14467	digested	unknown
youyou	优优	14467	digested	unknown
zhouzhou	粥粥	14466	digested	unknown
zhezhe	哲哲	14465	digested	name
zhizhi	芝芝	14447	digested	unknown
zhenzhen	振振	14446	digested	unknown
dengdeng	登登	14444	digested	unknown
qiqi	骑骑	14427	digested	unknown
loulou	搂搂	14393	digested	unknown
linlin	凛凛	14368	digested	unknown
zhaozhao	招招	14366	digested	unknown
jiji	集集	14357	digested	unknown
zeizei	贼贼	14342	digested	unknown
yanyan	演演	14335	digested	unknown
xianxian	纤纤	14310	digested	unknown
keke	珂珂	14303	digested	name
pengpeng	怦怦	14290	digested	unknown
xixi	夕夕	14286	digested	unknown
pingping	评评	14284	digested	unknown
songsong	怂怂	14282	digested	unknown
kaokao	烤烤	14261	digested	unknown
lanlan	岚岚	14261	digested	unknown
zhenzhen	震震	14258	digested	unknown
kuangkuang	哐哐	14239	digested	unknown
panpan	盘盘	14236	digested	unknown
zhuzhu	煮煮	14229	digested	unknown
jingjing	婧婧	14217	digested	unknown
qiangqiang	将将	14212	digested	unknown
liangliang	量量	14186	digested	unknown
xianxian	闲闲	14162	digested	unknown
weiwei	唯唯	14155	digested	unknown
lailai	赖赖	14128	digested	unknown
xuanxuan	选选	14121	digested	unknown
pinpin	拼拼	14106	digested	unknown
lianlian	莲莲	14098	digested	unknown
junjun	菌菌	14097	digested	unknown
shuoshuo	硕硕	14083	digested	unknown
weiwei	伟伟	14083	digested	name
xiongxiong	胸胸	14060	digested	unknown
hehe	河河	14059	digested	unknown
gugu	股股	14047	digested	unknown
hanhan	晗晗	14036	digested	unknown
maomao	帽帽	14010	digested	unknown
toutou	投投	14010	digested	unknown
chenchen	辰辰	14002	digested	name
duoduo	哆哆	13989	digested	unknown
guagua	挂挂	13981	digested	unknown
popo	坡坡	13978	digested	unknown
rongrong	绒绒	13965	digested	unknown
tantan	摊摊	13965	digested	unknown
cangcang	藏藏	13951	digested	unknown
sasa	飒飒	13942	digested	unknown
bianbian	扁扁	13919	digested	adj_redup
honghong	宏宏	13916	digested	unknown
raorao	扰扰	13910	digested	unknown
lili	俪俪	13891	digested	unknown
shuashua	唰唰	13867	digested	unknown
qianqian	牵牵	13841	digested	unknown
jiaojiao	姣姣	13839	digested	unknown
zhenzhen	镇镇	13817	digested	unknown
chichi	赤赤	13816	digested	unknown
mumu	沐沐	13816	digested	unknown
shuaishuai	摔摔	13816	digested	unknown
xiangxiang	翔翔	13816	digested	name
rangrang	攘攘	13810	digested	unknown
shushu	鼠鼠	13790	digested	unknown
hanhan	寒寒	13770	digested	unknown
cece	策策	13741	digested	unknown
chengcheng	橙橙	13711	digested	unknown
guoguo	郭郭	13711	digested	unknown
xianxian	贤贤	13704	digested	unknown
chuanchuan	船船	13693	digested	unknown
raorao	绕绕	13688	digested	unknown
biebie	憋憋	13685	digested	unknown
chenchen	琛琛	13685	digested	unknown
maomao	茂茂	13685	digested	unknown
peipei	沛沛	13685	digested	unknown
jiji	寂寂	13655	digested	unknown
kuikui	睽睽	13643	digested	unknown
chaochao	炒炒	13630	digested	unknown
xiangxiang	湘湘	13603	digested	unknown
bobo	卜卜	13598	digested	unknown
bobu	卜卜	13598	digested	unknown
bubo	卜卜	13598	digested	unknown
bubu	卜卜	13598	digested	unknown
chanchan	馋馋	13575	digested	unknown
tangtang	躺躺	13575	digested	unknown
xuxu	叙叙	13575	digested	unknown
zhuaizhuai	拽拽	13575	digested	unknown
taitai	泰泰	13571	digested	unknown
qiaoqiao	桥桥	13563	digested	unknown
shuangshuang	霜霜	13489	digested	unknown
diedie	叠叠	13482	digested	unknown
yingying	莺莺	13462	digested	unknown
guangguang	咣咣	13459	digested	unknown
jinjin	近近	13458	digested	adj_redup
changchang	肠肠	13448	digested	unknown
saisai	赛赛	13422	digested	unknown
jiajia	夹夹	13416	digested	unknown
paipai	派派	13416	digested	unknown
gege	鸽鸽	13400	digested	unknown
yanyan	验验	13390	digested	unknown
gaogao	糕糕	13364	digested	unknown
baobao	暴暴	13339	digested	unknown
xianxian	县县	13329	digested	unknown
doudou	斗斗	13322	digested	unknown
haohao	皓皓	13319	digested	unknown
ganggang	岗岗	13308	digested	unknown
xunxun	勋勋	13282	digested	unknown
wangwang	网网	13280	digested	unknown
lvlv	捋捋	13268	digested	unknown
jianjian	坚坚	13245	digested	unknown
aiai	矮矮	13231	digested	unknown
yanyan	烟烟	13226	digested	unknown
dangdang	铛铛	13212	digested	onomatopoeia
qianqian	欠欠	13212	digested	unknown
qianqian	签签	13212	digested	unknown
queque	雀雀	13212	digested	unknown
zhongzhong	肿肿	13212	digested	unknown
pengpeng	芃芃	13184	digested	unknown
gungun	棍棍	13180	digested	unknown
chacha	查查	13168	digested	unknown
youyou	右右	13165	digested	unknown
zhuizhui	惴惴	13090	digested	unknown
chengcheng	撑撑	13079	digested	unknown
chongchong	宠宠	13079	digested	unknown
sheshe	蛇蛇	13069	digested	unknown
qinqin	琴琴	13065	digested	name
didi	蒂蒂	13053	digested	unknown
yaya	芽芽	13045	digested	unknown
dundun	蹲蹲	13010	digested	unknown
xuxu	虚虚	13002	digested	unknown
keke	课课	12999	digested	unknown
beibei	辈辈	12986	digested	unknown
miemie	灭灭	12975	digested	unknown
qiaqia	掐掐	12975	digested	unknown
ruanruan	阮阮	12975	digested	unknown
zhezhe	折折	12974	digested	unknown
juju	举举	12971	digested	unknown
jiejie	借借	12963	digested	unknown
cucu	簇簇	12959	digested	unknown
meimei	莓莓	12939	digested	unknown
qiaoqiao	俏俏	12939	digested	unknown
weiwei	玮玮	12939	digested	name
lailai	莱莱	12937	digested	unknown
shuoshuo	烁烁	12932	digested	unknown
lanlan	澜澜	12912	digested	unknown
bobo	播播	12908	digested	unknown
linlin	霖霖	12903	digested	unknown
zeze	泽泽	12903	digested	unknown
jiujiu	赳赳	12900	digested	unknown
banban	搬搬	12898	digested	unknown
luanluan	乱乱	12866	digested	unknown
shushu	输输	12866	digested	unknown
qiqi	棋棋	12797	digested	unknown
huohuo	祸祸	12790	digested	unknown
daodao	导导	12789	digested	unknown
ranran	染染	12788	digested	unknown
tuitui	退退	12788	digested	unknown
zhuzhu	助助	12732	digested	unknown
cuicui	崔崔	12713	digested	unknown
lianlian	怜怜	12713	digested	unknown
biaobiao	彪彪	12701	digested	unknown
shengsheng	升升	12701	digested	unknown
zhaizhai	宅宅	12681	digested	unknown
qieqie	窃窃	12661	digested	unknown
miaomiao	渺渺	12656	digested	unknown
bingbing	兵兵	12651	digested	unknown
kangkang	抗抗	12642	digested	unknown
ganggang	港港	12639	digested	unknown
nangnang	囔囔	12628	digested	unknown
chengcheng	诚诚	12612	digested	unknown
peipei	配配	12612	digested	unknown
shushu	疏疏	12605	digested	unknown
xianxian	咸咸	12595	digested	adj_redup
dada	搭搭	12591	digested	unknown
nienie	聂聂	12591	digested	unknown
shishi	十十	12565	digested	unknown
huhu	互互	12553	digested	unknown
gugu	菇菇	12550	digested	unknown
mingming	铭铭	12550	digested	unknown
chengcheng	澄澄	12546	digested	unknown
gangan	杆杆	12507	digested	unknown
xixi	溪溪	12505	digested	unknown
yongyong	庸庸	12479	digested	unknown
jiaojiao	交交	12465	digested	unknown
chaichai	拆拆	12464	digested	unknown
meimei	媚媚	12464	digested	unknown
shushu	熟熟	12464	digested	adj_redup
gonggong	恭恭	12456	digested	unknown
huanhuan	桓桓	12424	digested	unknown
fufu	佛佛	12423	digested	unknown
gangan	赶赶	12420	digested	unknown
maomao	冒冒	12420	digested	unknown
tongtong	桶桶	12420	digested	unknown
zengzeng	增增	12420	digested	unknown
zunzun	尊尊	12420	digested	unknown
yeye	页页	12415	digested	unknown
xiangxiang	箱箱	12405	digested	unknown
yingying	营营	12399	digested	unknown
lvlv	驴驴	12375	digested	unknown
manman	蔓蔓	12375	digested	unknown
shushu	梳梳	12375	digested	unknown
momo	茉茉	12374	digested	unknown
dundun	敦敦	12351	digested	unknown
tuotuo	驼驼	12330	digested	unknown
xunxun	熏熏	12330	digested	unknown
fufu	父父	12312	digested	unknown
jiajia	架架	12309	digested	unknown
suosuo	梭梭	12301	digested	unknown
zhengzheng	征征	12297	digested	unknown
zuozuo	座座	12288	digested	unknown
fengfeng	锋锋	12286	digested	unknown
jiaojiao	蕉蕉	12284	digested	unknown
ruoruo	若若	12284	digested	unknown
wawa	袜袜	12284	digested	unknown
youyou	柚柚	12284	digested	unknown
huahua	划划	12275	digested	unknown
huhu	湖湖	12275	digested	unknown
cengceng	噌噌	12237	digested	unknown
juejue	嚼嚼	12237	digested	unknown
yinyin	殷殷	12212	digested	unknown
yuanyuan	怨怨	12208	digested	unknown
bapa	耙耙	12189	digested	unknown
paba	耙耙	12189	digested	unknown
papa	耙耙	12189	digested	unknown
papa	帕帕	12162	digested	unknown
dangdang	挡挡	12140	digested	unknown
jiujiu	旧旧	12140	digested	unknown
ruirui	锐锐	12140	digested	unknown
xuanxuan	炫炫	12140	digested	unknown
huanghuang	皇皇	12124	digested	unknown
jiujiu	纠纠	12111	digested	unknown
xixi	汐汐	12090	digested	unknown
pianpian	篇篇	12084	digested	unknown
leilei	泪泪	12039	digested	unknown
yunyun	韵韵	12039	digested	unknown
langlang	狼狼	12028	digested	unknown
daodao	岛岛	12002	digested	unknown
dengdeng	蹬蹬	11987	digested	unknown
zuanzuan	钻钻	11987	digested	unknown
qiangqiang	枪枪	11977	digested	unknown
hanhan	汗汗	11934	digested	unknown
xuexue	薛薛	11934	digested	unknown
cici	刺刺	11902	digested	unknown
yiyi	亿亿	11896	digested	unknown
biaobiao	标标	11891	digested	unknown
rengreng	扔扔	11880	digested	unknown
yuanyuan	缘缘	11880	digested	unknown
chuichui	垂垂	11840	digested	unknown
feifei	费费	11826	digested	unknown
jianjian	捡捡	11824	digested	unknown
juju	菊菊	11824	digested	unknown
liaoliao	廖廖	11824	digested	unknown
tingting	霆霆	11824	digested	unknown
langlang	琅琅	11823	digested	unknown
kankan	砍砍	11819	digested	unknown
shaoshao	勺勺	11819	digested	unknown
yinyin	阴阴	11811	digested	unknown
gonggong	攻攻	11806	digested	unknown
zhuzhu	竹竹	11779	digested	unknown
diandian	典典	11769	digested	unknown
baobao	豹豹	11768	digested	unknown
sansan	伞伞	11768	digested	unknown
gege	葛葛	11756	digested	unknown
xunxun	醺醺	11725	digested	unknown
zaozao	凿凿	11717	digested	unknown
chuanchuan	传传	11711	digested	unknown
qiqi	淇淇	11711	digested	unknown
aoao	袄袄	11710	digested	unknown
bianbian	辫辫	11710	digested	unknown
lengleng	愣愣	11710	digested	unknown
sisi	撕撕	11710	digested	unknown
yanyan	厌厌	11710	digested	unknown
hehe	鹤鹤	11651	digested	unknown
liangliang	良良	11651	digested	unknown
zaozao	皂皂	11651	digested	unknown
fufu	浮浮	11642	digested	unknown
mumu	牧牧	11625	digested	unknown
shengsheng	绳绳	11625	digested	unknown
banban	拌拌	11590	digested	unknown
hanhan	含含	11579	digested	unknown
panpan	攀攀	11557	digested	unknown
rere	惹惹	11528	digested	unknown
shangshang	赏赏	11528	digested	unknown
tiantian	填填	11528	digested	unknown
tiantian	添添	11528	digested	unknown
qiangqiang	墙墙	11517	digested	unknown
wawa	瓦瓦	11517	digested	unknown
bianbian	编编	11513	digested	unknown
caicai	彩彩	11465	digested	unknown
jingjing	惊惊	11464	digested	unknown
taitai	抬抬	11464	digested	unknown
zhaozhao	罩罩	11464	digested	unknown
zhuanzhuan	赚赚	11464	digested	unknown
jiangjiang	奖奖	11410	digested	unknown
tuotuo	陀陀	11410	digested	unknown
gugu	骨骨	11409	digested	unknown
bangbang	梆梆	11407	digested	unknown
xiexie	斜斜	11406	digested	unknown
jiejie	戒戒	11399	digested	unknown
nini	泥泥	11399	digested	unknown
suosuo	锁锁	11391	digested	unknown
jinjin	尽尽	11365	digested	unknown
maimai	埋埋	11365	digested	unknown
pangpang	乓乓	11352	digested	unknown
banban	瓣瓣	11343	digested	unknown
aoao	凹凹	11342	digested	unknown
chuanchuan	喘喘	11332	digested	unknown
gaga	尬尬	11332	digested	unknown
shasha	纱纱	11332	digested	unknown
zhengzheng	争争	11307	digested	unknown
beibei	悲悲	11286	digested	unknown
fufu	扶扶	11263	digested	unknown
gege	割割	11263	digested	unknown
mangmang	芒芒	11263	digested	unknown
susu	诉诉	11263	digested	unknown
tengteng	藤藤	11263	digested	unknown
youyou	佑佑	11263	digested	unknown
zuzu	租租	11232	digested	unknown
xiangxiang	乡乡	11211	digested	unknown
taotao	逃逃	11193	digested	unknown
yeye	野野	11189	digested	unknown
baobao	堡堡	11188	digested	unknown
xixi	锡锡	11151	digested	unknown
zhaizhai	窄窄	11126	digested	unknown
dengdeng	邓邓	11120	digested	unknown
guaiguai	拐拐	11120	digested	unknown
gugu	顾顾	11120	digested	unknown
guoguo	裹裹	11120	digested	unknown
ningning	凝凝	11120	digested	unknown
hehe	荷荷	11072	digested	unknown
yaoyao	腰腰	11072	digested	unknown
bibi	鼻鼻	11045	digested	unknown
loulou	喽喽	11045	digested	unknown
manman	蛮蛮	11045	digested	unknown
xiangxiang	祥祥	11045	digested	unknown
yanyan	彦彦	11045	digested	unknown
lingling	令令	11033	digested	unknown
bengbeng	崩崩	11024	digested	unknown
mianmian	棉棉	11024	digested	unknown
wenwen	蚊蚊	11006	digested	unknown
nana	纳纳	10983	digested	unknown
bibi	闭闭	10968	digested	unknown
huanghuang	荒荒	10968	digested	unknown
jiajia	甲甲	10964	digested	unknown
caicai	采采	10939	digested	unknown
feifei	妃妃	10939	digested	unknown
ranran	燃燃	10937	digested	unknown
kongkong	控控	10907	digested	unknown
fengfeng	蜂蜂	10905	digested	unknown
gaga	噶噶	10888	digested	unknown
jiangjiang	蒋蒋	10888	digested	unknown
kaka	咖咖	10888	digested	unknown
xiangxiang	巷巷	10888	digested	unknown
xuexue	削削	10888	digested	unknown
yingying	赢赢	10888	digested	unknown
dundun	盾盾	10819	digested	unknown
qiqi	启启	10819	digested	unknown
diaodiao	钓钓	10806	digested	unknown
meimei	眉眉	10806	digested	unknown
mengmeng	檬檬	10806	digested	unknown
qiaoqiao	跷跷	10806	digested	unknown
zaza	砸砸	10806	digested	unknown
taotao	掏掏	10802	digested	unknown
niannian	蔫蔫	10801	digested	unknown
jianjian	键键	10744	digested	unknown
jiaojiao	骄骄	10731	digested	unknown
hengheng	恒恒	10721	digested	unknown
wuwu	舞舞	10712	digested	unknown
yuyu	羽羽	10699	digested	unknown
zhuzhu	蛛蛛	10649	digested	unknown
junjun	均均	10636	digested	unknown
kuokuo	扩扩	10636	digested	unknown
zaza	杂杂	10636	digested	unknown
baba	扒扒	10634	digested	unknown
kunkun	昆昆	10634	digested	unknown
xunxun	训训	10634	digested	unknown
yangyang	央央	10634	digested	unknown
zouzou	揍揍	10634	digested	unknown
fenfen	忿忿	10612	digested	unknown
lianlian	涟涟	10610	digested	unknown
zhanzhan	詹詹	10560	digested	unknown
yaya	哑哑	10550	digested	unknown
zhizhi	枝枝	10550	digested	unknown
feifei	废废	10543	digested	unknown
jiajia	茄茄	10543	digested	unknown
juju	橘橘	10543	digested	unknown
tingting	廷廷	10543	digested	unknown
taitai	胎胎	10539	digested	unknown
dudu	渡渡	10535	digested	unknown
qieqie	怯怯	10520	digested	unknown
tangtang	趟趟	10520	digested	unknown
maimai	脉脉	10503	digested	unknown
popo	泼泼	10483	digested	unknown
susu	俗俗	10466	digested	unknown
mianmian	眠眠	10448	digested	unknown
nainai	乃乃	10448	digested	unknown
pingping	屏屏	10448	digested	unknown
xiaxia	瞎瞎	10448	digested	unknown
xiuxiu	绣绣	10448	digested	unknown
yiyi	逸逸	10448	digested	unknown
zizi	姿姿	10448	digested	unknown
ningning	宁宁	10426	digested	unknown
lulu	录录	10412	digested	unknown
diaodiao	雕雕	10411	digested	unknown
duoduo	咄咄	10350	digested	unknown
kuokuo	阔阔	10350	digested	unknown
luoluo	萝萝	10350	digested	unknown
haohao	灏灏	10347	digested	unknown
caca	嚓嚓	10338	digested	unknown
nini	霓霓	10333	digested	unknown
shuaishuai	衰衰	10333	digested	unknown
cici	词词	10279	digested	unknown
jiji	籍籍	10255	digested	unknown
chuangchuang	创创	10249	digested	unknown
cuocuo	挫挫	10249	digested	unknown
dengdeng	瞪瞪	10249	digested	unknown
kangkang	扛扛	10249	digested	unknown
sisi	私私	10249	digested	unknown
zhuzhu	柱柱	10241	digested	unknown
ganggang	钢钢	10234	digested	unknown
susu	簌簌	10234	digested	unknown
cangcang	仓仓	10142	digested	unknown
caocao	糙糙	10142	digested	unknown
gangan	肝肝	10142	digested	unknown
gougou	购购	10142	digested	unknown
huohuo	豁豁	10142	digested	unknown
lili	狸狸	10142	digested	unknown
saisai	噻噻	10142	digested	unknown
shushu	薯薯	10142	digested	unknown
tata	拓拓	10142	digested	unknown
yunyun	匀匀	10142	digested	unknown
changchang	厂厂	10121	digested	unknown
jiji	寄寄	10109	digested	unknown
kuangkuang	狂狂	10109	digested	unknown
meimei	煤煤	10109	digested	unknown
yanyan	盐盐	10109	digested	unknown
sunsun	损损	10091	digested	unknown
lianlian	链链	10079	digested	unknown
dundun	炖炖	10032	digested	unknown
gonggong	拱拱	10032	digested	unknown
gugu	估估	10032	digested	unknown
huhu	狐狐	10032	digested	unknown
lengleng	楞楞	10032	digested	unknown
nunu	怒怒	10032	digested	unknown
pipi	啤啤	10032	digested	unknown
ququ	驱驱	10032	digested	unknown
tongtong	铜铜	10032	digested	unknown
zhaizhai	摘摘	10032	digested	unknown
mianmian	免免	9992	digested	unknown
jiejie	桀桀	9989	digested	unknown
fenfen	粉粉	9986	digested	unknown
mengmeng	盟盟	9977	digested	unknown
pingping	乒乒	9975	digested	unknown
gugu	汩汩	9950	digested	unknown
tete	忒忒	9946	digested	unknown
dudu	赌赌	9916	digested	unknown
hengheng	横横	9916	digested	unknown
yiyi	怡怡	9916	digested	unknown
tongtong	筒筒	9914	digested	unknown
tantan	坛坛	9906	digested	unknown
huanghuang	煌煌	9904	digested	unknown
youyou	忧忧	9864	digested	unknown
mama	玛玛	9845	digested	unknown
youyou	幼幼	9840	digested	unknown
tingting	庭庭	9812	digested	unknown
xuanxuan	旋旋	9812	digested	unknown
anan	俺俺	9795	digested	unknown
guigui	跪跪	9795	digested	unknown
jinjin	锦锦	9795	digested	unknown
lala	喇喇	9795	digested	unknown
longlong	笼笼	9795	digested	unknown
pangpang	庞庞	9795	digested	unknown
qianqian	潜潜	9795	digested	unknown
xunxun	巡巡	9795	digested	unknown
yunyun	允允	9795	digested	unknown
yuyu	瑜瑜	9795	digested	unknown
chenchen	臣臣	9777	digested	unknown
shushu	蜀蜀	9772	digested	unknown
xiexie	屑屑	9772	digested	unknown
dingding	丁丁	9734	digested	unknown
pupu	铺铺	9731	digested	unknown
yongyong	泳泳	9731	digested	unknown
ee	恶恶	9730	digested	unknown
ewu	恶恶	9730	digested	unknown
wue	恶恶	9730	digested	unknown
wuwu	恶恶	9730	digested	unknown
diedie	碟碟	9723	digested	unknown
miaomiao	庙庙	9723	digested	unknown
qiqi	旗旗	9715	digested	unknown
tuntun	屯屯	9704	digested	unknown
lulu	炉炉	9683	digested	unknown
diedie	蝶蝶	9667	digested	unknown
fufu	弗弗	9667	digested	unknown
keke	嗑嗑	9667	digested	unknown
niangniang	酿酿	9667	digested	unknown
shenshen	审审	9667	digested	unknown
zongzong	粽粽	9667	digested	unknown
nainai	耐耐	9578	digested	unknown
baobao	煲煲	9533	digested	unknown
jiaojiao	饺饺	9533	digested	unknown
momo	魔魔	9533	digested	unknown
titi	剃剃	9533	digested	unknown
wenwen	吻吻	9533	digested	unknown
yiyi	忆忆	9533	digested	unknown
zuzu	族族	9467	digested	unknown
duidui	兑兑	9449	digested	unknown
fufu	腐腐	9444	digested	unknown
huanhuan	幻幻	9444	digested	unknown
fenfen	粪粪	9392	digested	unknown
jianjian	煎煎	9392	digested	unknown
kongkong	恐恐	9392	digested	unknown
qiangqiang	呛呛	9392	digested	unknown
weiwei	胃胃	9392	digested	unknown
yinyin	饮饮	9392	digested	unknown
youyou	邮邮	9392	digested	unknown
cece	侧侧	9370	digested	unknown
zhizhi	职职	9350	digested	unknown
liaoliao	疗疗	9346	digested	unknown
lielie	猎猎	9346	digested	unknown
sasa	萨萨	9345	digested	unknown
leilei	勒勒	9324	digested	unknown
xingxing	悻悻	9305	digested	unknown
chuangchuang	幢幢	9302	digested	unknown
titi	踢踢	9294	digested	unknown
sengseng	僧僧	9288	digested	unknown
beibei	倍倍	9259	digested	unknown
kuku	库库	9253	digested	unknown
chanchan	蝉蝉	9242	digested	unknown
huhu	壶壶	9242	digested	unknown
jiajia	贾贾	9242	digested	unknown
lianlian	炼炼	9242	digested	unknown
lielie	裂裂	9242	digested	unknown
lili	厉厉	9242	digested	unknown
papa	葩葩	9242	digested	unknown
tantan	叹叹	9242	digested	unknown
taotao	讨讨	9242	digested	unknown
xiexie	邪邪	9242	digested	unknown
suosuo	琐琐	9201	digested	unknown
ganggang	缸缸	9121	digested	unknown
fangfang	防防	9115	digested	unknown
gougou	钩钩	9115	digested	unknown
aiai	挨挨	9108	digested	unknown
chichi	翅翅	9084	digested	unknown
laolao	劳劳	9084	digested	unknown
caicai	财财	9083	digested	unknown
cancan	残残	9083	digested	unknown
chichi	哧哧	9083	digested	unknown
cuncun	寸寸	9083	digested	unknown
daodao	捣捣	9083	digested	unknown
fufu	肤肤	9083	digested	unknown
huaihuai	淮淮	9083	digested	unknown
jianjian	剑剑	9083	digested	unknown
lulu	卢卢	9083	digested	unknown
meimei	玫玫	9083	digested	unknown
wuwu	雾雾	9083	digested	unknown
yanyan	恹恹	9083	digested	unknown
zhengzheng	峥峥	9083	digested	unknown
dudu	督督	8978	digested	unknown
tantan	碳碳	8951	digested	unknown
gege	阁阁	8942	digested	unknown
shoushou	守守	8916	digested	unknown
guanguan	惯惯	8913	digested	unknown
guanguan	灌灌	8913	digested	unknown
hengheng	亨亨	8913	digested	unknown
jinjin	巾巾	8913	digested	unknown
nene	讷讷	8913	digested	unknown
susu	窣窣	8913	digested	unknown
wuwu	悟悟	8913	digested	unknown
xiangxiang	享享	8913	digested	unknown
xiaxia	侠侠	8913	digested	unknown
yueyue	粤粤	8913	digested	unknown
zaozao	枣枣	8913	digested	unknown
zhizhi	汁汁	8913	digested	unknown
zhizhi	织织	8913	digested	unknown
bobo	菠菠	8890	digested	unknown
cencen	涔涔	8884	digested	unknown
fufu	副副	8812	digested	unknown
shushu	淑淑	8750	digested	unknown
zhenzhen	朕朕	8750	digested	unknown
baobao	剥剥	8731	digested	unknown
cuocuo	措措	8731	digested	unknown
daidai	逮逮	8731	digested	unknown
daodao	盗盗	8731	digested	unknown
jiangjiang	僵僵	8731	digested	unknown
miaomiao	描描	8731	digested	unknown
shishi	狮狮	8731	digested	unknown
jiejie	截截	8692	digested	unknown
congcong	淙淙	8662	digested	unknown
nainai	妳妳	8542	digested	unknown
caocao	槽槽	8535	digested	unknown
cece	厕厕	8535	digested	unknown
dundun	囤囤	8535	digested	unknown
fufu	拂拂	8535	digested	unknown
gougou	苟苟	8535	digested	unknown
huihui	悔悔	8535	digested	unknown
lulu	芦芦	8535	digested	unknown
shengsheng	胜胜	8535	digested	unknown
sunsun	笋笋	8535	digested	unknown
tutu	屠屠	8535	digested	unknown
xingxing	腥腥	8535	digested	unknown
zaizai	宰宰	8535	digested	unknown
chengcheng	乘乘	8470	digested	unknown
feifei	啡啡	8470	digested	unknown
jianjian	舰舰	8411	digested	unknown
aiai	哀哀	8398	digested	unknown
songsong	耸耸	8347	digested	unknown
liangliang	踉踉	8325	digested	unknown
baba	疤疤	8323	digested	unknown
banban	扮扮	8323	digested	unknown
chichi	驰驰	8323	digested	unknown
dingding	盯盯	8323	digested	unknown
jiejie	捷捷	8323	digested	unknown
kuakua	跨跨	8323	digested	unknown
tantan	瘫瘫	8323	digested	unknown
wanwan	莞莞	8323	digested	unknown
weiwei	猥猥	8323	digested	unknown
wuwu	乌乌	8323	digested	unknown
yiyi	毅毅	8323	digested	unknown
rongrong	溶溶	8322	digested	unknown
caocao	曹曹	8315	digested	unknown
dingding	订订	8315	digested	unknown
momo	膜膜	8315	digested	unknown
qiqi	妻妻	8315	digested	unknown
shanshan	衫衫	8315	digested	unknown
dudu	笃笃	8313	digested	unknown
pipi	披披	8254	digested	unknown
penpen	喷喷	8241	digested	unknown
chouchou	仇仇	8228	digested	unknown
juanjuan	捐捐	8228	digested	unknown
xuxu	吁吁	8228	digested	unknown
binbin	滨滨	8091	digested	unknown
chunchun	唇唇	8091	digested	unknown
fenfen	奋奋	8091	digested	unknown
genggeng	梗梗	8091	digested	unknown
huihui	毁毁	8091	digested	unknown
kuikui	亏亏	8091	digested	unknown
tantan	毯毯	8091	digested	unknown
tutu	途途	8091	digested	unknown
xixi	晰晰	8091	digested	unknown
yaya	鸦鸦	8091	digested	unknown
zhengzheng	挣挣	8091	digested	unknown
hunhun	魂魂	8067	digested	unknown
shuishui	税税	8005	digested	unknown
yingying	荧荧	7959	digested	unknown
ruru	蠕蠕	7699	digested	unknown
dundun	钝钝	7552	digested	unknown
zhengzheng	怔怔	7552	digested	unknown
zhenzhen	蓁蓁	7552	digested	unknown
lanlan	兰兰	7486	digested	name
shenshen	申申	7486	digested	unknown
zuizui	罪罪	7352	digested	unknown
gaogao	杲杲	7320	digested	unknown
juju	踽踽	7320	digested	unknown
xuxu	煦煦	7320	digested	unknown
paopao	跑跑	7303	digested	verb_redup
jiji	汲汲	7273	digested	unknown
chengcheng	程程	7251	digested	unknown
wowo	沃沃	7233	digested	unknown
juju	锯锯	7130	digested	unknown
junjun	郡郡	7101	digested	unknown
xianxian	险险	7099	digested	unknown
xiaoxiao	哓哓	7099	digested	unknown
chunchun	醇醇	6868	digested	unknown
lingling	陵陵	6619	digested	unknown
caca	擦擦	6407	digested	unknown
changchang	昌昌	6343	digested	unknown
huahua	华华	6343	digested	unknown
yaya	雅雅	6343	digested	unknown
erer	尔尔	5922	digested	unknown
fengfeng	封封	5922	digested	unknown
huanghuang	黄黄	5922	digested	unknown
jingjing	井井	5922	digested	unknown
rongrong	容容	5922	digested	unknown
xianxian	鲜鲜	5922	digested	adj_redup
yinyin	印印	5922	digested	unknown
yuyu	于于	5922	digested	unknown
koukou	扣扣	5899	digested	unknown
juanjuan	眷眷	5895	digested	unknown
yaya	轧轧	5771	digested	unknown
zhangzhang	彰彰	5633	digested	unknown
sheshe	设设	5433	digested	unknown
aiai	艾艾	5375	digested	unknown
lili	黎黎	5375	digested	unknown
pupu	朴朴	5375	digested	unknown
shishi	施施	5375	digested	unknown
wenwen	温温	5375	digested	unknown
zhanzhan	展展	5375	digested	unknown
benben	苯苯	5286	digested	unknown
kengkeng	铿铿	5286	digested	unknown
wanwan	婠婠	5286	digested	unknown
yeye	噎噎	5286	digested	unknown
sisi	咝咝	5163	digested	unknown
zhuozhuo	濯濯	5163	digested	unknown
linlin	鳞鳞	4747	digested	unknown
lanlan	烂烂	4652	digested	unknown
shuangshuang	爽爽	4277	digested	unknown
yiyi	悒悒	4193	digested	unknown
aiai	蔼蔼	4131	digested	unknown
sheshe	射射	3861	digested	unknown
keke	渴渴	3686	digested	unknown
chuochuo	戳戳	3239	digested	unknown
lili	呖呖	3135	digested	unknown
linlin	辚辚	3094	digested	unknown
zhengzheng	诤诤	3094	digested	unknown
aiai	霭霭	2987	digested	unknown
jiji	鸡鸡	2987	digested	unknown
shanshan	潸潸	2987	digested	unknown
changchang	怅怅	2367	digested	unknown
gungun	衮衮	2367	digested	unknown
shanshan	讪讪	2367	digested	unknown
kaokao	靠靠	1493	digested	unknown
chouchou	抽抽	0	digested	unknown
dangdang	噹噹	0	digested	unknown
diaodiao	吊吊	0	digested	unknown
dundun	惇惇	0	digested	unknown
gugu	鸪鸪	0	digested	unknown
guigui	硅硅	0	digested	unknown
guoguo	嘓嘓	0	digested	unknown
lingling	呤呤	0	digested	unknown
linlin	磷磷	0	digested	unknown
luoluo	荦荦	0	digested	unknown
niaoniao	嫋嫋	0	digested	unknown
pipi	狉狉	0	digested	unknown
ruru	嚅嚅	0	digested	unknown
xiaoxiao	销销	0	digested	unknown
zhizhi	蜘蜘	0	digested	unknown
