代码评审	35000
单元测试	42000
集成测试	28000
持续集成	25000
部署上线	30000
回滚	38000
灰度发布	22000
流水线	28000
自动化	45000
容器化	18000
微服务	32000
服务端	36000
客户端	48000
前端	68000
后端	62000
全栈	34000
接口文档	30000
接口调用	28000
异步调用	24000
同步调用	22000
死锁	18000
并发	42000
并行	35000
线程池	24000
协程	22000
阻塞	28000
非阻塞	16000
缓存	58000
内存泄漏	22000
性能	56000
性能优化	38000
压测	24000
调优	22000
调试	48000
断点	32000
日志	65000
监控	52000
告警	42000
报错	58000
异常	52000
崩溃	38000
重启	62000
升级	58000
降级	38000
热更新	22000
冷启动	18000
拉取	38000
推送	48000
合并	52000
分支	58000
配置文件	38000
环境变量	35000
回归测试	22000
冒烟测试	18000
朋友圈	75000
公众号	68000
小程序	62000
视频号	48000
直播间	58000
弹幕	52000
私信	62000
群聊	68000
转发	72000
收藏	65000
点赞	75000
关注	78000
取关	35000
拉黑	42000
屏蔽	38000
举报	35000
投诉	42000
评论区	58000
沙发	28000
楼主	32000
跟帖	18000
顶	28000
踩	22000
黑粉	28000
路人	38000
吃瓜	52000
围观	38000
翻车	42000
塌房	32000
立人设	22000
营业	35000
安利	38000
推荐	72000
种草	48000
拔草	28000
测评	38000
开箱	32000
晒单	28000
好评	58000
差评	48000
中评	22000
退货	52000
热搜	58000
上热搜	38000
出圈	35000
破圈	28000
圈粉	28000
涨粉	35000
掉粉	22000
下单	68000
付款	72000
收货	58000
发货	55000
包邮	52000
自提	28000
物流	62000
快递	72000
仓库	38000
库存	42000
缺货	38000
现货	42000
预售	35000
抢购	42000
秒杀	48000
满减	38000
优惠	62000
折扣	58000
团购	38000
拼单	32000
砍价	28000
红包	72000
转账	68000
充值	58000
余额	62000
提现	52000
账单	48000
流水	35000
对账	28000
退款	62000
客服	68000
售前	38000
售后	58000
售后服务	42000
优惠券	58000
购物车	52000
加购	28000
七天无理由	22000
正品保障	28000
旗舰店	38000
扫码支付	42000
扫一扫	38000
开黑	48000
上分	42000
掉分	28000
段位	38000
排位	42000
队友	58000
对手	48000
大神	52000
萌新	38000
老司机	48000
攻略	58000
通关	42000
满级	38000
副本	35000
装备	58000
技能	62000
暴击	42000
闪避	28000
治疗	38000
控场	28000
输出	58000
坦克	38000
辅助	42000
刺客	32000
法师	38000
战士	42000
射手	35000
直播	62000
主播	58000
礼物	52000
打赏	38000
一键三连	28000
上王者	22000
五杀	28000
团灭	32000
翻盘	38000
逆风	28000
顺风	28000
单排	32000
双排	28000
开麦	35000
闭麦	28000
上号	35000
演员	38000
挂机	38000
会议室	58000
会议纪要	38000
项目经理	58000
产品经理	62000
技术负责人	38000
团队负责人	35000
部门	68000
业务方	42000
上下游	35000
协同	42000
跨部门	38000
复盘	52000
复盘会	28000
周会	48000
月会	38000
季度	58000
财年	35000
半年度	28000
述职	32000
述职报告	28000
OKR	42000
KPI	48000
绩效面谈	28000
升职加薪	35000
调岗	32000
离职	58000
入职	62000
转正	42000
试用期	38000
实习	48000
内推	38000
招聘	58000
面试	68000
一面	35000
二面	32000
三面	28000
终面	28000
HR	52000
简历	58000
晋升	42000
加班	68000
早会	38000
双休	38000
调休	35000
年假	38000
病假	35000
事假	28000
远程	48000
居家办公	38000
出差	52000
报销	48000
